	0	1	2	3	4	5	6	7	8	9
0	0.24021739130434785	0.022826086956521753	0.21847826086956523	0.09891304347826088	0.04456521739130435	0.08804347826086958	0.09891304347826088	0.07717391304347827	0.07717391304347827	0.03369565217391306
1	0.6169960474308301	0.03201581027667985	0.04782608695652175	0.028063241106719376	0.06758893280632412	0.004347826086956528	0.020158102766798427	0.1189723320158103	0.06363636363636364	0.000395256916996025
2	0.23815789473684212	0.10657894736842106	0.04078947368421054	0.10657894736842106	0.14605263157894738	0.02763157894736844	0.14605263157894738	0.053947368421052654	0.053947368421052654	0.08026315789473686
3	0.04999999999999998	0.07380952380952382	0.04999999999999998	0.1928571428571428	0.1928571428571428	0.050000000000000024	0.07380952380952382	0.28809523809523807	0.002380952380952372	0.026190476190476177
4	0.1603174603174603	0.06507936507936508	0.03333333333333335	0.03333333333333332	0.08095238095238093	0.09682539682539683	0.17619047619047618	0.30317460317460315	0.01746031746031745	0.03333333333333332
5	0.06562500000000004	0.06562499999999999	0.06562499999999999	0.09687500000000004	0.06562499999999999	0.09687499999999999	0.003124999999999989	0.37812500000000004	0.03437499999999999	0.128125
6	0.49611650485436887	0.06893203883495147	0.01067961165048545	0.0009708737864077808	0.03009708737864079	0.06893203883495147	0.03009708737864079	0.25339805825242717	0.0009708737864077808	0.03980582524271846
7	0.6031055900621117	0.025465838509316777	0.03788819875776398	0.05652173913043479	0.025465838509316777	0.006832298136645972	0.04409937888198759	0.0751552795031056	0.04409937888198759	0.0813664596273292
8	0.20111111111111113	0.5011111111111112	0.02333333333333333	0.03444444444444444	0.07888888888888888	0.056666666666666664	0.012222222222222218	0.04555555555555555	0.001111111111111127	0.04555555555555557
9	0.007382550335570479	0.7791946308724832	0.02080536912751679	0.014093959731543634	0.007382550335570479	0.02751677852348994	0.05436241610738256	0.047651006711409406	0.007382550335570479	0.034228187919463096
10	0.1564102564102564	0.36153846153846153	0.05384615384615383	0.02820512820512819	0.1051282051282051	0.07948717948717947	0.02820512820512819	0.07948717948717951	0.05384615384615387	0.05384615384615387
11	0.028767123287671253	0.5356164383561643	0.09726027397260276	0.06986301369863013	0.08356164383561646	0.015068493150684927	0.12465753424657536	0.042465753424657554	0.0013698630136986254	0.0013698630136986254
12	0.016176470588235285	0.030882352941176458	0.030882352941176486	0.07500000000000001	0.0014705882352941382	0.0014705882352941382	0.2514705882352941	0.1338235294117647	0.016176470588235313	0.44264705882352934
13	0.08452380952380951	0.013095238095238113	0.0369047619047619	0.14404761904761906	0.2273809523809524	0.013095238095238113	0.09642857142857145	0.12023809523809526	0.16785714285714287	0.09642857142857145
14	0.03563218390804599	0.04712643678160921	0.024137931034482776	0.2885057471264368	0.09310344827586209	0.12758620689655173	0.024137931034482776	0.15057471264367817	0.13908045977011496	0.07011494252873565
15	0.05438596491228071	0.01929824561403508	0.01929824561403508	0.01929824561403511	0.22982456140350874	0.05438596491228071	0.15964912280701754	0.07192982456140351	0.29999999999999993	0.07192982456140351
16	0.05000000000000001	0.06639344262295083	0.26311475409836066	0.02540983606557378	0.10737704918032788	0.0008196721311475526	0.23032786885245904	0.1975409836065574	0.017213114754098372	0.041803278688524605
17	0.03444444444444446	0.22333333333333336	0.15666666666666668	0.19	0.0011111111111111072	0.03444444444444446	0.15666666666666668	0.14555555555555558	0.03444444444444444	0.02333333333333335
18	0.1926470588235294	0.07500000000000001	0.2955882352941176	0.10441176470588236	0.030882352941176458	0.030882352941176486	0.07500000000000001	0.016176470588235313	0.1191176470588235	0.06029411764705883
19	0.023611111111111117	0.12083333333333333	0.23194444444444443	0.1671296296296296	0.037500000000000006	0.032870370370370376	0.10694444444444445	0.1810185185185185	0.032870370370370376	0.06527777777777778
20	0.24310344827586203	0.036206896551724155	0.10517241379310345	0.036206896551724155	0.036206896551724155	0.0706896551724138	0.053448275862068975	0.29482758620689653	0.036206896551724155	0.08793103448275863
21	0.052542372881355943	0.3067796610169491	0.06949152542372881	0.1542372881355932	0.01864406779661016	0.08644067796610169	0.08644067796610169	0.08644067796610169	0.052542372881355916	0.08644067796610169
22	0.28969072164948456	0.1865979381443299	0.04226804123711342	0.02164948453608247	0.04226804123711342	0.09381443298969074	0.06288659793814434	0.20721649484536084	0.001030927835051561	0.05257731958762888
23	0.31511627906976747	0.1290697674418605	0.059302325581395365	0.09418604651162793	0.15232558139534885	0.08255813953488374	0.036046511627906994	0.10581395348837211	0.012790697674418622	0.012790697674418622
24	0.50125	0.026249999999999996	0.05125000000000002	0.06375000000000001	0.0012500000000000178	0.03875000000000002	0.026250000000000016	0.22625	0.0012499999999999955	0.06375000000000001
25	0.29240506329113924	0.08987341772151901	0.1658227848101266	0.026582278481012675	0.11518987341772154	0.06455696202531648	0.06455696202531648	0.06455696202531648	0.08987341772151901	0.026582278481012675
26	0.5011363636363636	0.1375	0.02386363636363638	0.0011363636363636526	0.10340909090909092	0.06931818181818183	0.02386363636363638	0.11477272727272729	0.0011363636363636324	0.02386363636363636
27	0.07880184331797237	0.5672811059907834	0.06497695852534564	0.023502304147465448	0.028110599078341025	0.0327188940092166	0.037327188940092175	0.0327188940092166	0.12027649769585255	0.014285714285714294
28	0.10689655172413792	0.10689655172413792	0.10689655172413792	0.21034482758620687	0.10689655172413792	0.037931034482758606	0.07241379310344827	0.14137931034482756	0.07241379310344827	0.037931034482758606
29	0.18035714285714283	0.10892857142857143	0.055357142857142834	0.019642857142857132	0.14464285714285713	0.0017857142857143106	0.05535714285714287	0.07321428571428572	0.3053571428571428	0.05535714285714287
30	0.02234042553191491	0.08617021276595746	0.11808510638297874	0.25638297872340426	0.054255319148936186	0.13936170212765958	0.15000000000000002	0.0010638297872340577	0.0648936170212766	0.10744680851063831
31	0.0007299270072992804	0.037226277372262785	0.015328467153284682	0.1467153284671533	0.015328467153284682	0.11751824817518249	0.05182481751824818	0.445985401459854	0.07372262773722629	0.0956204379562044
32	0.0008928571428571555	0.0008928571428571555	0.0008928571428571555	0.11696428571428573	0.02767857142857144	0.06339285714285715	0.09910714285714287	0.31339285714285714	0.03660714285714287	0.34017857142857144
33	0.0870967741935484	0.04408602150537636	0.0870967741935484	0.2053763440860215	0.10860215053763442	0.09784946236559142	0.06559139784946239	0.06559139784946239	0.22688172043010754	0.011827956989247327
34	0.038125000000000006	0.113125	0.175625	0.04437500000000001	0.069375	0.10062499999999996	0.10687500000000001	0.16312500000000002	0.081875	0.10687500000000001
35	0.012222222222222238	0.11222222222222224	0.3011111111111111	0.03444444444444446	0.0677777777777778	0.09000000000000001	0.012222222222222238	0.31222222222222223	0.04555555555555557	0.012222222222222238
36	0.036046511627906994	0.16395348837209303	0.25697674418604655	0.08255813953488374	0.09418604651162793	0.10581395348837211	0.04767441860465118	0.10581395348837211	0.04767441860465118	0.059302325581395365
37	0.022566371681415936	0.04469026548672567	0.4384955752212389	0.057964601769911514	0.026991150442477883	0.18185840707964598	0.04911504424778762	0.06681415929203541	0.08008849557522124	0.031415929203539826
38	0.08592964824120605	0.17135678391959802	0.3120603015075377	0.1462311557788945	0.005527638190954782	0.07587939698492464	0.03567839195979901	0.13115577889447236	0.01557788944723619	0.020603015075376895
39	0.02763157894736844	0.21184210526315791	0.23815789473684212	0.1723684210526316	0.08026315789473684	0.053947368421052654	0.11973684210526318	0.08026315789473686	0.001315789473684206	0.01447368421052631
40	0.2478260869565217	0.2478260869565217	0.015942028985507263	0.10289855072463767	0.11739130434782609	0.04492753623188407	0.05942028985507247	0.07391304347826087	0.0014492753623188352	0.08840579710144927
41	0.3881720430107527	0.17311827956989248	0.011827956989247308	0.06559139784946239	0.05483870967741937	0.0870967741935484	0.06559139784946239	0.09784946236559142	0.04408602150537636	0.011827956989247327
42	0.06363636363636363	0.0030303030303030195	0.21515151515151515	0.06363636363636363	0.06363636363636363	0.06363636363636363	0.2757575757575758	0.09393939393939393	0.12424242424242424	0.033333333333333326
43	0.1548076923076923	0.0778846153846154	0.020192307692307707	0.010576923076923091	0.11634615384615386	0.0778846153846154	0.06826923076923078	0.40480769230769226	0.02980769230769232	0.039423076923076936
44	0.32717391304347826	0.055434782608695665	0.01195652173913045	0.01195652173913045	0.04456521739130436	0.09891304347826088	0.1423913043478261	0.1532608695652174	0.08804347826086958	0.06630434782608698
45	0.08611111111111114	0.225	0.0027777777777777675	0.14166666666666664	0.0027777777777777675	0.11388888888888886	0.08611111111111108	0.225	0.05833333333333331	0.05833333333333331
46	0.1442857142857143	0.2442857142857143	0.03000000000000002	0.10142857142857145	0.13000000000000003	0.015714285714285736	0.0442857142857143	0.2442857142857143	0.0442857142857143	0.001428571428571449
47	0.204	0.043999999999999984	0.244	0.12399999999999999	0.003999999999999986	0.003999999999999986	0.204	0.003999999999999986	0.08399999999999999	0.08399999999999999
48	0.0047210300429184615	0.0047210300429184615	0.04334763948497855	0.21502145922746782	0.09914163090128754	0.06480686695278971	0.11630901287553647	0.03905579399141632	0.21072961373390559	0.20214592274678111
49	0.10289855072463767	0.1173913043478261	0.059420289855072486	0.0884057971014493	0.23333333333333336	0.030434782608695674	0.16086956521739132	0.13188405797101452	0.015942028985507267	0.059420289855072486
50	0.005555555555555563	0.010606060606060614	0.025757575757575764	0.3136363636363636	0.13181818181818183	0.08636363636363636	0.045959595959595964	0.03585858585858587	0.253030303030303	0.09141414141414142
51	0.01549295774647889	0.015492957746478865	0.1	0.029577464788732407	0.1704225352112676	0.07183098591549296	0.07183098591549296	0.1704225352112676	0.2549295774647887	0.1
52	0.025925925925925943	0.013580246913580243	0.1123456790123457	0.16172839506172842	0.24814814814814817	0.10000000000000002	0.1123456790123457	0.18641975308641978	0.03827160493827162	0.0012345679012345854
53	0.07647058823529412	0.26134453781512607	0.02605042016806724	0.08487394957983195	0.03445378151260505	0.03445378151260505	0.2529411764705882	0.09327731092436976	0.04285714285714287	0.09327731092436976
54	0.0020833333333333255	0.04375000000000002	0.4395833333333332	0.06458333333333331	0.08541666666666664	0.02291666666666669	0.10625	0.02291666666666665	0.04375000000000002	0.16874999999999996
55	0.04636363636363638	0.19181818181818183	0.20090909090909093	0.028181818181818193	0.010000000000000012	0.010000000000000012	0.2554545454545455	0.08272727272727275	0.11909090909090911	0.055454545454545465
56	0.02753888380603842	0.05407136322049405	0.35141811527904854	0.19862763037511438	0.03211344922232388	0.07968892955169259	0.05590118938700823	0.037602927721866415	0.10347666971637694	0.05956084172003659
57	0.11184668989547036	0.13623693379790938	0.3662020905923345	0.15365853658536582	0.042160278745644604	0.017770034843205555	0.028222996515679447	0.09094076655052263	0.038675958188153316	0.01428571428571429
58	0.03836477987421385	0.032075471698113214	0.5226415094339623	0.10754716981132076	0.032075471698113214	0.06352201257861637	0.08238993710691825	0.0949685534591195	0.01320754716981133	0.01320754716981133
59	0.1775	0.27749999999999997	0.12749999999999997	0.027499999999999986	0.052499999999999984	0.052500000000000026	0.027499999999999986	0.10250000000000002	0.052499999999999984	0.10249999999999997
60	0.5891428571428571	0.02914285714285715	0.017714285714285724	0.02914285714285715	0.02914285714285715	0.05200000000000001	0.06342857142857143	0.10914285714285715	0.02914285714285715	0.05200000000000001
61	0.4180555555555555	0.08472222222222223	0.1125	0.0847222222222222	0.0013888888888888837	0.09861111111111111	0.015277777777777795	0.0013888888888889085	0.05694444444444445	0.12638888888888888
62	0.13076923076923078	0.05384615384615383	0.0025641025641025546	0.02820512820512819	0.028205128205128237	0.13076923076923075	0.18205128205128204	0.25897435897435894	0.13076923076923075	0.05384615384615383
63	0.21184210526315791	0.08026315789473686	0.08026315789473684	0.053947368421052654	0.225	0.053947368421052654	0.053947368421052654	0.06710526315789475	0.04078947368421054	0.1328947368421053
64	0.06219512195121952	0.08658536585365854	0.0012195121951219467	0.0378048780487805	0.07439024390243903	0.025609756097560988	0.19634146341463413	0.05000000000000001	0.09878048780487805	0.36707317073170725
65	0.08157894736842104	0.23947368421052637	0.16052631578947368	0.02894736842105262	0.13421052631578947	0.002631578947368412	0.08157894736842104	0.055263157894736833	0.1868421052631579	0.02894736842105262
66	0.06078431372549018	0.09999999999999998	0.21764705882352942	0.08039215686274508	0.11960784313725491	0.02156862745098038	0.21764705882352942	0.09999999999999998	0.021568627450980416	0.06078431372549018
67	0.08604651162790698	0.03178294573643412	0.055038759689922494	0.20232558139534884	0.17131782945736435	0.10930232558139535	0.039534883720930246	0.01627906976744187	0.2565891472868217	0.031782945736434066
68	0.016535433070866138	0.07165354330708662	0.008661417322834658	0.21338582677165355	0.1031496062992126	0.06377952755905512	0.16614173228346457	0.09527559055118111	0.19763779527559056	0.06377952755905512
69	0.054000000000000006	0.0006666666666666762	0.03400000000000001	0.2806666666666666	0.17400000000000002	0.09400000000000001	0.014000000000000009	0.07400000000000001	0.22733333333333333	0.047333333333333345
70	0.043661971830985934	0.015492957746478892	0.029577464788732414	0.2549295774647887	0.24084507042253522	0.0014084507042253472	0.1422535211267606	0.1422535211267606	0.0859154929577465	0.043661971830985934
71	0.03442622950819674	0.06721311475409837	0.001639344262295105	0.16557377049180327	0.14918032786885244	0.1	0.1	0.08360655737704918	0.18196721311475408	0.11639344262295082
72	0.23763440860215054	0.22688172043010754	0.14086021505376345	0.06559139784946239	0.0010752688172042972	0.011827956989247327	0.16236559139784948	0.10860215053763442	0.0010752688172043163	0.04408602150537634
73	0.13177570093457946	0.18785046728971963	0.197196261682243	0.03831775700934581	0.11308411214953272	0.047663551401869175	0.14112149532710283	0.057009345794392534	0.047663551401869154	0.03831775700934581
74	0.04920634920634922	0.17619047619047618	0.2238095238095238	0.0015873015873015812	0.0968253968253968	0.08095238095238096	0.14444444444444443	0.14444444444444443	0.04920634920634919	0.03333333333333335
75	0.03167701863354038	0.06894409937888199	0.23043478260869563	0.16832298136645962	0.013043478260869573	0.0937888198757764	0.24906832298136647	0.1	0.03788819875776398	0.006832298136645972
76	0.02207317073170731	0.051341463414634136	0.3489024390243903	0.14402439024390243	0.042804878048780484	0.22329268292682927	0.07817073170731706	0.030609756097560968	0.02329268292682926	0.03548780487804877
77	0.02114845938375349	0.015546218487394948	0.4539215686274509	0.0449579831932773	0.047759103641456566	0.31106442577030813	0.058963585434173654	0.012745098039215676	0.009943977591036405	0.02394957983193276
78	0.05158102766798419	0.006126482213438738	0.40533596837944663	0.09703557312252964	0.041699604743083006	0.18992094861660078	0.05355731225296443	0.06343873517786561	0.06343873517786562	0.027865612648221332
79	0.2519230769230769	0.3865384615384615	0.09807692307692309	0.001923076923076916	0.07884615384615383	0.0596153846153846	0.021153846153846145	0.02115384615384618	0.021153846153846145	0.0596153846153846
80	0.2913265306122449	0.4954081632653062	0.010714285714285723	0.010714285714285723	0.07704081632653063	0.020918367346938787	0.020918367346938787	0.0566326530612245	0.005612244897959192	0.010714285714285723
81	0.16557377049180327	0.18196721311475408	0.03442622950819671	0.03442622950819671	0.06721311475409834	0.06721311475409837	0.03442622950819671	0.3786885245901639	0.03442622950819671	0.001639344262295105
82	0.1326086956521739	0.0021739130434782527	0.08913043478260868	0.26304347826086955	0.17608695652173914	0.0021739130434782527	0.1978260869565217	0.08913043478260871	0.0021739130434782527	0.0456521739130435
83	0.0029411764705882244	0.0029411764705882244	0.0029411764705882244	0.0029411764705882244	0.061764705882352916	0.14999999999999997	0.0029411764705882765	0.4441176470588235	0.32647058823529407	0.0029411764705882765
84	0.017280453257790374	0.034277620396600574	0.014447592067988652	0.15042492917847025	0.02577903682719547	0.16458923512747875	0.06543909348441924	0.03711048158640227	0.24107648725212463	0.24957507082152972
85	0.03563218390804599	0.05862068965517243	0.08160919540229887	0.05862068965517243	0.2310344827586207	0.03563218390804599	0.1620689655172414	0.001149425287356338	0.09310344827586209	0.2425287356321839
86	0.09891304347826088	0.44673913043478264	0.1532608695652174	0.04456521739130435	0.03369565217391306	0.0010869565217391458	0.06630434782608698	0.06630434782608698	0.04456521739130436	0.04456521739130436
87	0.0055837563451776725	0.020812182741116757	0.0055837563451776725	0.1680203045685279	0.015736040609137063	0.12741116751269035	0.14771573604060914	0.0005076142131979767	0.1578680203045685	0.35076142131979693
88	0.03188976377952756	0.012204724409448824	0.027952755905511818	0.22480314960629919	0.16968503937007876	0.0515748031496063	0.0594488188976378	0.05551181102362205	0.24448818897637792	0.12244094488188974
89	0.012352941176470596	0.035882352941176476	0.0005882352941176555	0.27117647058823524	0.27117647058823524	0.06529411764705884	0.035882352941176476	0.04176470588235295	0.13588235294117643	0.13
90	0.012941176470588253	0.00117647058823529	0.04823529411764706	0.024705882352941192	0.3658823529411765	0.11882352941176472	0.18941176470588236	0.0835294117647059	0.0835294117647059	0.07176470588235295
91	0.08095238095238096	0.03333333333333335	0.01746031746031745	0.08095238095238096	0.4301587301587301	0.04920634920634922	0.1444444444444444	0.12857142857142856	0.0015873015873016094	0.03333333333333332
92	0.191	0.08100000000000002	0.401	0.07100000000000001	0.010999999999999996	0.011000000000000015	0.07100000000000001	0.08100000000000002	0.08100000000000002	0.0010000000000000141
93	0.08559322033898306	0.14491525423728815	0.47542372881355927	0.009322033898305097	0.0008474576271186561	0.09406779661016944	0.0516949152542373	0.06864406779661018	0.0516949152542373	0.017796610169491536
94	0.04326241134751774	0.3127659574468085	0.22765957446808513	0.014893617021276605	0.036170212765957444	0.06453900709219859	0.1425531914893617	0.1070921985815603	0.03617021276595746	0.014893617021276605
95	0.04504950495049503	0.28762376237623766	0.3222772277227723	0.03019801980198021	0.020297029702970308	0.06485148514851483	0.09455445544554457	0.05990099009900992	0.06980198019801982	0.005445544554455453
96	0.0197110423116615	0.013519091847265215	0.40361197110423114	0.07440660474716201	0.004231166150670788	0.10020639834881319	0.3365325077399381	0.012487100103199167	0.016615067079463357	0.018679050567595452
97	0.015428571428571432	0.00019047619047617964	0.40780952380952384	0.06876190476190475	0.004000000000000003	0.18114285714285713	0.20209523809523808	0.004000000000000003	0.08209523809523808	0.034476190476190466
98	0.006586826347305398	0.09041916167664671	0.41976047904191616	0.10838323353293414	0.006586826347305398	0.042514970059880246	0.10239520958083834	0.17425149700598802	0.02455089820359282	0.02455089820359282
99	0.11408450704225352	0.07183098591549296	0.1845070422535211	0.04366197183098593	0.0436619718309859	0.001408450704225372	0.15633802816901407	0.21267605633802814	0.029577464788732383	0.14225352112676057
100	0.34444444444444444	0.06161616161616163	0.02121212121212121	0.0010101010101010064	0.011111111111111125	0.02121212121212121	0.05151515151515153	0.35454545454545455	0.11212121212121214	0.02121212121212121
101	0.26129032258064516	0.03548387096774192	0.003225806451612892	0.003225806451612892	0.03548387096774192	0.132258064516129	0.13225806451612906	0.13225806451612906	0.22903225806451613	0.03548387096774192
102	0.221875	0.003124999999999989	0.06562499999999999	0.06562499999999999	0.03437499999999999	0.19062500000000004	0.003124999999999989	0.190625	0.22187500000000004	0.003124999999999989
103	0.06455696202531648	0.14050632911392408	0.06455696202531648	0.1658227848101266	0.14050632911392408	0.05189873417721521	0.08987341772151901	0.10253164556962027	0.1278481012658228	0.05189873417721521
104	0.0216931216931217	0.06402116402116403	0.048148148148148155	0.10105820105820107	0.16984126984126982	0.026984126984126992	0.07460317460317462	0.10634920634920636	0.10105820105820103	0.2862433862433862
105	0.043518518518518526	0.012654320987654304	0.009567901234567905	0.11450617283950615	0.06203703703703704	0.31820987654320987	0.05586419753086418	0.0435185185185185	0.2503086419753086	0.08981481481481479
106	0.17586206896551723	0.31379310344827593	0.0034482758620689533	0.037931034482758606	0.0034482758620689533	0.10689655172413792	0.17586206896551723	0.0034482758620689533	0.07241379310344827	0.10689655172413792
107	0.06176470588235293	0.20882352941176474	0.09117647058823529	0.03235294117647058	0.17941176470588235	0.002941176470588225	0.002941176470588225	0.4147058823529412	0.002941176470588225	0.002941176470588225
108	0.009130434782608702	0.009130434782608702	0.022173913043478266	0.38739130434782604	0.061304347826086965	0.12217391304347827	0.013478260869565224	0.017826086956521745	0.23086956521739127	0.12652173913043477
109	0.0324468085106383	0.016489361702127666	0.005851063829787242	0.39414893617021274	0.2186170212765957	0.07500000000000001	0.04308510638297873	0.005851063829787242	0.05904255319148933	0.14946808510638296
110	0.010824742268041245	0.021134020618556713	0.08814432989690724	0.17577319587628865	0.13453608247422683	0.23247422680412372	0.046907216494845375	0.021134020618556713	0.19123711340206184	0.07783505154639177
111	0.1767295597484277	0.069811320754717	0.044654088050314476	0.07610062893081762	0.2144654088050314	0.05723270440251573	0.03836477987421385	0.18301886792452832	0.032075471698113214	0.10754716981132076
112	0.013580246913580264	0.2975308641975309	0.12469135802469138	0.24814814814814817	0.013580246913580243	0.025925925925925943	0.06296296296296298	0.10000000000000002	0.08765432098765434	0.025925925925925943
113	0.03193717277486912	0.5973821989528797	0.12617801047120422	0.05287958115183248	0.0005235602094240913	0.06335078534031412	0.021465968586387444	0.0424083769633508	0.010994764397905768	0.05287958115183248
114	0.05239498894620486	0.01997052321296978	0.2911569638909359	0.1548268238761975	0.010390567428150328	0.21230655858511424	0.11061164333087693	0.07597641857037582	0.0081798084008843	0.06418570375829034
115	0.005183312262958274	0.0013906447534766048	0.43122629582806576	0.05701643489254108	0.00012642225031604844	0.18217446270543616	0.27319848293299626	0.008975979772439942	0.007711757269279386	0.032996207332490514
116	0.04272930648769575	0.020357941834451904	0.40738255033557047	0.09865771812080536	0.01588366890380312	0.15458612975391497	0.10760626398210289	0.009172259507829964	0.015883668903803137	0.12774049217002237
117	0.17127659574468088	0.16063829787234044	0.054255319148936186	0.04361702127659576	0.07553191489361703	0.17127659574468088	0.0648936170212766	0.12872340425531917	0.054255319148936186	0.07553191489361703
118	0.30833333333333335	0.05833333333333332	0.22500000000000003	0.14166666666666666	0.05833333333333332	0.002777777777777768	0.0861111111111111	0.0861111111111111	0.030555555555555544	0.002777777777777768
119	0.07857142857142857	0.07857142857142857	0.3642857142857144	0.007142857142857119	0.007142857142857151	0.007142857142857119	0.007142857142857119	0.22142857142857145	0.07857142857142857	0.15000000000000002
120	0.005263157894736825	0.005263157894736825	0.005263157894736825	0.3210526315789474	0.005263157894736825	0.11052631578947368	0.11052631578947368	0.11052631578947368	0.11052631578947368	0.21578947368421056
121	0.11666666666666667	0.0611111111111111	0.2833333333333334	0.005555555555555537	0.11666666666666667	0.0611111111111111	0.0611111111111111	0.11666666666666667	0.0611111111111111	0.11666666666666667
122	0.0018181818181818436	0.056363636363636345	0.07454545454545453	0.0381818181818182	0.07454545454545455	0.0381818181818182	0.0018181818181818112	0.31090909090909086	0.2745454545454545	0.1290909090909091
123	0.06851851851851853	0.012962962962962971	0.01913580246913581	0.02530864197530865	0.30308641975308637	0.11790123456790125	0.11172839506172841	0.10555555555555557	0.204320987654321	0.03148148148148149
124	0.02700534759358289	0.005614973262032089	0.02700534759358289	0.13128342245989302	0.06443850267379679	0.10454545454545452	0.013636363636363641	0.005614973262032089	0.47352941176470587	0.14732620320855613
125	0.02340425531914892	0.02340425531914896	0.02340425531914896	0.002127659574468077	0.10851063829787234	0.04468085106382977	0.5127659574468084	0.0446808510638298	0.17234042553191486	0.0446808510638298
126	0.033333333333333326	0.18484848484848485	0.033333333333333326	0.0030303030303030195	0.2757575757575758	0.06363636363636363	0.12424242424242424	0.12424242424242428	0.12424242424242424	0.033333333333333326
127	0.025465838509316777	0.006832298136645972	0.000621118012422369	0.29254658385093163	0.16832298136645962	0.0813664596273292	0.11242236024844722	0.0813664596273292	0.12484472049689438	0.1062111801242236
128	0.014285714285714296	0.02108843537414967	0.02108843537414967	0.15714285714285714	0.38163265306122446	0.007482993197278921	0.1435374149659864	0.05510204081632654	0.1435374149659864	0.05510204081632654
129	0.001030927835051561	0.11443298969072166	0.021649484536082488	0.17628865979381445	0.40309278350515465	0.001030927835051561	0.03195876288659795	0.06288659793814434	0.12474226804123713	0.06288659793814434
130	0.0009009009009009137	0.01891891891891893	0.07297297297297299	0.1810810810810811	0.34324324324324323	0.07297297297297299	0.15405405405405406	0.01891891891891893	0.11801801801801803	0.01891891891891893
131	0.002631578947368458	0.2921052631578947	0.002631578947368458	0.002631578947368411	0.10789473684210524	0.05526315789473682	0.16052631578947368	0.31842105263157894	0.002631578947368411	0.05526315789473682
132	0.01803278688524592	0.2967213114754098	0.11639344262295082	0.06721311475409834	0.018032786885245893	0.03442622950819674	0.16557377049180327	0.11639344262295082	0.11639344262295079	0.050819672131147554
133	0.03397129186602872	0.16794258373205748	0.2779904306220096	0.04354066985645935	0.04354066985645935	0.05789473684210525	0.28277511961722496	0.053110047846889975	0.010047846889952163	0.029186602870813413
134	0.028592814371257477	0.004640718562874243	0.4732035928143713	0.08997005988023951	0.003143712574850291	0.14535928143712573	0.2276946107784431	0.0076347305389221475	0.006137724550898195	0.013622754491017956
135	0.02342857142857144	0.0005714285714285796	0.5720000000000001	0.01200000000000001	0.017714285714285724	0.12628571428571428	0.017714285714285724	0.16628571428571431	0.03485714285714287	0.029142857142857154
136	0.24285714285714283	0.1062111801242236	0.14347826086956522	0.04409937888198759	0.14968944099378884	0.1062111801242236	0.0937888198757764	0.05652173913043479	0.025465838509316777	0.03167701863354038
137	0.06078431372549021	0.04117647058823531	0.1	0.17843137254901958	0.001960784313725483	0.23725490196078428	0.1588235294117647	0.1196078431372549	0.06078431372549021	0.04117647058823531
138	0.07500000000000001	0.016176470588235285	0.030882352941176486	0.1338235294117647	0.030882352941176458	0.030882352941176486	0.07500000000000001	0.4720588235294117	0.06029411764705883	0.07500000000000001
139	0.12439024390243907	0.14878048780487804	0.12439024390243901	0.05121951219512194	0.0024390243902438938	0.0024390243902438938	0.02682926829268296	0.17317073170731712	0.09999999999999999	0.24634146341463417
140	0.0035714285714285587	0.1107142857142857	0.1464285714285714	0.1464285714285714	0.1464285714285714	0.1464285714285714	0.1464285714285714	0.07499999999999998	0.0035714285714285587	0.07499999999999998
141	0.2454545454545455	0.15454545454545454	0.033333333333333326	0.06363636363636363	0.0030303030303030195	0.0030303030303030195	0.06363636363636363	0.033333333333333375	0.2454545454545455	0.15454545454545454
142	0.03867924528301888	0.10471698113207549	0.06698113207547171	0.11415094339622643	0.14245283018867927	0.10471698113207549	0.1518867924528302	0.11415094339622643	0.16132075471698115	0.0009433962264151078
143	0.07297297297297299	0.009909909909909923	0.045945945945945955	0.01891891891891893	0.13603603603603606	0.02792792792792794	0.10900900900900902	0.24414414414414415	0.26216216216216215	0.07297297297297299
144	0.06525974025974027	0.003571428571428576	0.0003246753246753293	0.0977272727272727	0.013311688311688316	0.19188311688311688	0.02954545454545455	0.026298701298701304	0.4288961038961039	0.14318181818181816
145	0.06322869955156951	0.0094170403587444	0.004932735426008975	0.07668161434977579	0.08565022421524664	0.036322869955156954	0.1304932735426009	0.05426008968609863	0.16188340807174886	0.3771300448430493
146	0.01926605504587157	0.04678899082568807	0.04678899082568809	0.10183486238532112	0.05596330275229359	0.19357798165137616	0.037614678899082585	0.037614678899082585	0.2944954128440367	0.16605504587155964
147	0.07441077441077441	0.02053872053872052	0.04410774410774411	0.18215488215488213	0.08787878787878789	0.010437710437710442	0.09797979797979796	0.007070707070707051	0.3774410774410774	0.09797979797979796
148	0.08162544169611308	0.018021201413427567	0.000353356890459369	0.18763250883392224	0.24770318021201412	0.09575971731448761	0.13462897526501766	0.000353356890459369	0.19823321554770315	0.03568904593639576
149	0.020192307692307707	0.039423076923076936	0.08750000000000001	0.12596153846153849	0.27019230769230773	0.039423076923076936	0.09711538461538463	0.010576923076923091	0.2798076923076923	0.02980769230769232
150	0.0806818181818182	0.0806818181818182	0.057954545454545474	0.012500000000000016	0.2965909090909091	0.057954545454545474	0.046590909090909106	0.046590909090909106	0.09204545454545456	0.22840909090909092
151	0.04375000000000002	0.16874999999999998	0.31458333333333327	0.04375000000000002	0.043749999999999976	0.10625	0.043749999999999976	0.1895833333333333	0.02291666666666665	0.02291666666666665
152	0.05229885057471266	0.13275862068965522	0.253448275862069	0.1902298850574713	0.06379310344827588	0.03505747126436779	0.04080459770114944	0.12126436781609194	0.02931034482758622	0.08103448275862071
153	0.001620370370370366	0.010879629629629625	0.5108796296296296	0.11658950617283953	0.012422839506172834	0.2400462962962963	0.03016975308641975	0.020910493827160488	0.03016975308641975	0.026311728395061722
154	0.00529715762273901	0.004005167958656323	0.5169250645994832	0.04922480620155037	0.004005167958656323	0.16550387596899224	0.045348837209302315	0.09573643410852711	0.027260981912144693	0.0866925064599483
155	0.18347826086956523	0.2356521739130435	0.0965217391304348	0.03565217391304349	0.00956521739130436	0.04434782608695653	0.018260869565217403	0.24434782608695654	0.04434782608695653	0.08782608695652175
156	0.24482758620689654	0.07241379310344827	0.24482758620689654	0.037931034482758606	0.21034482758620687	0.037931034482758606	0.07241379310344827	0.0034482758620689533	0.037931034482758606	0.037931034482758606
157	0.1900473933649289	0.062085308056872054	0.32748815165876777	0.11421800947867301	0.08578199052132703	0.03364928909952608	0.01943127962085309	0.123696682464455	0.024170616113744086	0.01943127962085309
158	0.1708333333333333	0.004166666666666652	0.4625000000000001	0.08749999999999998	0.045833333333333316	0.08749999999999998	0.004166666666666652	0.12916666666666674	0.004166666666666652	0.004166666666666652
159	0.07454545454545455	0.0018181818181818112	0.038181818181818164	0.09272727272727273	0.0018181818181818112	0.18363636363636363	0.02000000000000002	0.29272727272727267	0.18363636363636363	0.1109090909090909
160	0.0846153846153846	0.31538461538461543	0.0846153846153846	0.007692307692307667	0.0846153846153846	0.007692307692307667	0.16153846153846155	0.0846153846153846	0.007692307692307667	0.16153846153846155
161	0.17500000000000002	0.12196969696969698	0.01590909090909092	0.03106060606060607	0.16742424242424245	0.0840909090909091	0.046212121212121225	0.12954545454545455	0.20530303030303032	0.023484848484848497
162	0.1685185185185185	0.020370370370370393	0.11296296296296296	0.057407407407407386	0.2055555555555555	0.09444444444444444	0.13148148148148148	0.13148148148148148	0.0018518518518518448	0.07592592592592594
163	0.016153846153846164	0.09307692307692308	0.008461538461538472	0.05461538461538463	0.21615384615384617	0.15461538461538463	0.10076923076923078	0.046923076923076935	0.17	0.13923076923076924
164	0.05445859872611465	0.048089171974522296	0.016242038216560513	0.1914012738853503	0.10859872611464966	0.02579617834394905	0.03853503184713376	0.060828025477706986	0.21050955414012737	0.24554140127388532
165	0.01635388739946381	0.0619302949061662	0.00831099195710456	0.1906166219839142	0.05656836461126006	0.05656836461126004	0.10750670241286862	0.016353887399463793	0.3729222520107238	0.11286863270777478
166	0.015500000000000007	0.010500000000000008	0.030500000000000006	0.24049999999999996	0.1655	0.05550000000000001	0.0055000000000000075	0.015500000000000007	0.4105	0.05050000000000001
167	0.028021978021978033	0.028021978021978033	0.017032967032967042	0.13241758241758245	0.31373626373626373	0.0664835164835165	0.017032967032967042	0.0664835164835165	0.07747252747252745	0.2532967032967033
168	0.05022624434389141	0.02307692307692308	0.03665158371040725	0.10904977375565611	0.21312217194570132	0.07285067873303168	0.11357466063348418	0.15429864253393666	0.14524886877828053	0.08190045248868776
169	0.08562091503267975	0.02679738562091504	0.03333333333333334	0.01372549019607844	0.33398692810457514	0.08562091503267975	0.11176470588235295	0.06601307189542485	0.13137254901960785	0.11176470588235295
170	0.014666666666666685	0.014666666666666685	0.06800000000000002	0.06800000000000002	0.34800000000000003	0.10800000000000001	0.09466666666666669	0.14800000000000002	0.05466666666666668	0.08133333333333335
171	0.1711864406779661	0.3406779661016949	0.12033898305084745	0.0016949152542373117	0.01864406779661016	0.13728813559322034	0.018644067796610188	0.08644067796610169	0.03559322033898304	0.06949152542372881
172	0.06111111111111109	0.39444444444444443	0.11666666666666664	0.005555555555555536	0.06111111111111109	0.06111111111111109	0.11666666666666664	0.11666666666666664	0.005555555555555536	0.06111111111111109
173	0.06800000000000002	0.16133333333333336	0.228	0.10800000000000001	0.05466666666666666	0.028000000000000018	0.05466666666666668	0.12133333333333335	0.14800000000000002	0.028000000000000018
174	0.036746987951807246	0.054819277108433755	0.4644578313253013	0.018674698795180734	0.07891566265060243	0.14518072289156625	0.10301204819277111	0.018674698795180734	0.012650602409638565	0.0668674698795181
175	0.17448979591836736	0.11326530612244899	0.286734693877551	0.021428571428571443	0.06224489795918369	0.011224489795918382	0.14387755102040817	0.09285714285714287	0.0010204081632653205	0.09285714285714287
176	0.547463768115942	0.04746376811594204	0.03659420289855073	0.01123188405797102	0.03659420289855073	0.06195652173913044	0.06195652173913044	0.0293478260869565	0.03659420289855073	0.13079710144927537
177	0.017067307692307694	0.017067307692307694	0.5338942307692307	0.04350961538461537	0.048317307692307694	0.0891826923076923	0.009855769230769217	0.06514423076923077	0.0026442307692307555	0.1733173076923077
178	0.002941176470588225	0.15	0.17941176470588235	0.17941176470588235	0.03235294117647058	0.06176470588235293	0.15000000000000005	0.2382352941176471	0.002941176470588225	0.002941176470588225
179	0.09761904761904763	0.050000000000000024	0.026190476190476177	0.09761904761904759	0.07380952380952378	0.04999999999999998	0.24047619047619048	0.24047619047619048	0.07380952380952378	0.050000000000000024
180	0.020370370370370393	0.05740740740740742	0.020370370370370358	0.03888888888888887	0.187037037037037	0.057407407407407386	0.0018518518518518448	0.5018518518518518	0.020370370370370393	0.09444444444444444
181	0.0506172839506173	0.025925925925925943	0.1123456790123457	0.0382716049382716	0.12469135802469138	0.0012345679012345854	0.06296296296296298	0.5074074074074074	0.0012345679012345854	0.07530864197530864
182	0.23548387096774195	0.24930875576036868	0.009677419354838717	0.01889400921658987	0.10184331797235024	0.023502304147465448	0.037327188940092175	0.06958525345622119	0.14792626728110597	0.10645161290322583
183	0.44065934065934065	0.15494505494505495	0.012087912087912085	0.023076923076923092	0.06703296703296704	0.15494505494505495	0.023076923076923092	0.034065934065934084	0.034065934065934084	0.05604395604395606
184	0.04391304347826088	0.01782608695652175	0.03521739130434784	0.08739130434782608	0.05260869565217392	0.04391304347826088	0.19608695652173913	0.02217391304347824	0.18739130434782608	0.3134782608695652
185	0.06649746192893402	0.015736040609137063	0.015736040609137063	0.04111675126903554	0.17817258883248732	0.14263959390862946	0.11725888324873097	0.06649746192893402	0.1477157360406091	0.20862944162436545
186	0.10441176470588236	0.030882352941176486	0.04558823529411766	0.030882352941176486	0.06029411764705883	0.04558823529411766	0.20735294117647057	0.14852941176470588	0.08970588235294118	0.2367647058823529
187	0.005699481865284983	0.01088082901554405	0.03160621761658032	0.23886010362694302	0.21813471502590673	0.1352331606217617	0.10414507772020727	0.04715025906735753	0.18704663212435232	0.021243523316062187
188	0.02198275862068966	0.09956896551724138	0.04353448275862069	0.1814655172413793	0.03922413793103449	0.05646551724137932	0.07370689655172415	0.0650862068965517	0.22887931034482756	0.1900862068965517
189	0.030827067669172942	0.030827067669172942	0.03834586466165415	0.2037593984962406	0.3015037593984963	0.04586466165413535	0.06842105263157895	0.008270676691729335	0.1586466165413534	0.11353383458646618
190	0.021830985915492967	0.05000000000000001	0.021830985915492967	0.1063380281690141	0.20492957746478874	0.16971830985915495	0.12042253521126761	0.03591549295774649	0.11338028169014086	0.15563380281690142
191	0.10631578947368422	0.10631578947368422	0.0431578947368421	0.09578947368421054	0.21157894736842106	0.11684210526315791	0.06421052631578948	0.032631578947368435	0.0010526315789473834	0.22210526315789475
192	0.03541666666666668	0.04930555555555557	0.03541666666666668	0.03541666666666668	0.2993055555555555	0.04236111111111112	0.14652777777777778	0.09791666666666668	0.04236111111111112	0.21597222222222223
193	0.16944444444444443	0.16944444444444448	0.0861111111111111	0.0861111111111111	0.05833333333333332	0.002777777777777768	0.2805555555555556	0.058333333333333376	0.0861111111111111	0.002777777777777768
194	0.05999999999999999	0.17428571428571427	0.11714285714285713	0.002857142857142898	0.05999999999999999	0.17428571428571427	0.05999999999999999	0.11714285714285713	0.03142857142857142	0.2028571428571429
195	0.026190476190476215	0.5261904761904761	0.12142857142857143	0.002380952380952414	0.026190476190476174	0.026190476190476215	0.14523809523809522	0.026190476190476174	0.0023809523809523716	0.09761904761904758
196	0.0033333333333333214	0.03666666666666665	0.2033333333333333	0.06999999999999999	0.03666666666666665	0.03666666666666665	0.16999999999999998	0.4033333333333334	0.0033333333333333214	0.03666666666666665
197	0.32999999999999996	0.13	0.04428571428571427	0.0014285714285714231	0.015714285714285733	0.05857142857142855	0.18714285714285714	0.13	0.0014285714285714231	0.10142857142857142
198	0.6470129870129869	0.013246753246753227	0.005454545454545457	0.023636363636363632	0.06519480519480518	0.06259740259740258	0.03662337662337661	0.04441558441558439	0.021038961038961038	0.08077922077922074
199	0.4909677419354838	0.06516129032258065	0.03290322580645162	0.03935483870967743	0.04580645161290323	0.09096774193548388	0.013548387096774204	0.1038709677419355	0.07806451612903227	0.03935483870967743
200	0.0903448275862069	0.08344827586206897	0.021379310344827596	0.03517241379310346	0.2006896551724138	0.021379310344827596	0.12482758620689656	0.1317241379310345	0.11793103448275863	0.17310344827586208
201	0.09622641509433964	0.11509433962264148	0.03962264150943395	0.0018867924528301818	0.1716981132075472	0.15283018867924528	0.058490566037735836	0.30377358490566037	0.03962264150943398	0.0207547169811321
202	0.07093023255813956	0.001162790697674435	0.07093023255813956	0.001162790697674435	0.15232558139534885	0.08255813953488374	0.059302325581395365	0.3732558139534884	0.024418604651162808	0.16395348837209303
203	0.001492537313432857	0.12089552238805973	0.03134328358208957	0.03134328358208955	0.12089552238805973	0.12089552238805973	0.06119402985074629	0.4044776119402985	0.07611940298507465	0.03134328358208957
204	0.055494505494505506	0.3631868131868132	0.022527472527472534	0.08296703296703298	0.060989010989010994	0.05000000000000001	0.03901098901098902	0.09395604395604397	0.11593406593406594	0.11593406593406594
205	0.03867924528301888	0.019811320754716977	0.019811320754716994	0.04811320754716982	0.22735849056603774	0.11415094339622643	0.10471698113207549	0.05754716981132077	0.03867924528301888	0.33113207547169815
206	0.007677902621722836	0.01142322097378276	0.002059925093632948	0.07322097378277152	0.05823970037453183	0.16123595505617977	0.026404494382022473	0.20617977528089887	0.31104868913857675	0.14250936329588013
207	0.03179611650485438	0.014805825242718436	0.03179611650485438	0.05364077669902912	0.0026699029126213457	0.16529126213592235	0.15072815533980582	0.012378640776699017	0.14101941747572816	0.39587378640776705
208	0.020149253731343287	0.010199004975124382	0.05248756218905471	0.12213930348258704	0.015174129353233834	0.24402985074626865	0.04999999999999999	0.00024875621890545847	0.2216417910447761	0.2639303482587064
209	0.02700534759358289	0.01898395721925132	0.010962566844919771	0.19278074866310158	0.11256684491978608	0.19010695187165774	0.01631016042780749	0.035026737967914445	0.24893048128342243	0.14732620320855613
210	0.025633802816901412	0.020000000000000004	0.05380281690140846	0.21436619718309857	0.2340845070422535	0.08760563380281688	0.011549295774647892	0.12422535211267605	0.172112676056338	0.05661971830985914
211	0.03229166666666666	0.0010416666666666814	0.053125	0.13645833333333335	0.41770833333333335	0.011458333333333348	0.032291666666666684	0.09479166666666668	0.19895833333333335	0.021875000000000016
212	0.03153846153846155	0.008461538461538472	0.03153846153846155	0.03923076923076924	0.20076923076923078	0.10846153846153847	0.023846153846153857	0.008461538461538472	0.2315384615384615	0.3161538461538461
213	0.10055555555555556	0.022777777777777786	0.022777777777777786	0.1338888888888889	0.13944444444444443	0.028333333333333342	0.022777777777777786	0.01722222222222223	0.27277777777777773	0.2394444444444444
214	0.146875	0.021875000000000016	0.06354166666666668	0.04270833333333335	0.06354166666666668	0.13645833333333335	0.178125	0.021875000000000016	0.178125	0.146875
215	0.028000000000000018	0.14800000000000002	0.08133333333333335	0.028000000000000018	0.14800000000000002	0.041333333333333354	0.1746666666666667	0.16133333333333336	0.05466666666666668	0.13466666666666668
216	0.08749999999999998	0.2125	0.045833333333333316	0.08749999999999998	0.08749999999999998	0.004166666666666652	0.08749999999999998	0.045833333333333316	0.2125	0.12916666666666665
217	0.032812500000000015	0.04843750000000001	0.1578125	0.1265625	0.03281249999999999	0.07968750000000001	0.1578125	0.0953125	0.22031249999999997	0.04843750000000001
218	0.1214285714285714	0.24047619047619043	0.050000000000000024	0.14523809523809525	0.026190476190476177	0.09761904761904763	0.12142857142857144	0.0023809523809524146	0.16904761904761906	0.026190476190476177
219	0.09215686274509804	0.39934640522875814	0.01372549019607844	0.02026143790849674	0.15751633986928104	0.03333333333333334	0.02026143790849674	0.11830065359477125	0.07908496732026145	0.0660130718954248
220	0.08374999999999998	0.12541666666666668	0.058750000000000004	0.05041666666666667	0.06708333333333334	0.12125000000000001	0.004583333333333339	0.2045833333333333	0.1170833333333333	0.1670833333333333
221	0.021025641025641032	0.4928205128205128	0.015897435897435905	0.0005128205128205201	0.07743589743589745	0.16461538461538464	0.03128205128205129	0.09794871794871791	0.041538461538461545	0.05692307692307693
222	0.04636363636363638	0.028181818181818193	0.037272727272727284	0.10090909090909092	0.15545454545454546	0.07363636363636365	0.1372727272727273	0.23727272727272727	0.055454545454545465	0.1281818181818182
223	0.09466666666666666	0.028000000000000014	0.014666666666666682	0.068	0.01466666666666666	0.054666666666666676	0.05466666666666665	0.30799999999999994	0.068	0.29466666666666663
224	0.03962264150943398	0.0018867924528301815	0.03962264150943398	0.15283018867924528	0.05849056603773583	0.11509433962264151	0.020754716981132095	0.15283018867924528	0.3226415094339622	0.09622641509433963
225	0.0465909090909091	0.11477272727272728	0.09204545454545454	0.06931818181818182	0.08068181818181819	0.012500000000000015	0.11477272727272728	0.023863636363636375	0.03522727272727274	0.41022727272727266
226	0.16728395061728396	0.07469135802469137	0.03765432098765433	0.006790123456790132	0.14876543209876544	0.07469135802469137	0.10555555555555557	0.006790123456790132	0.03765432098765433	0.3401234567901234
227	0.1480392156862745	0.12843137254901962	0.000980392156862759	0.1480392156862745	0.09901960784313726	0.07941176470588236	0.1480392156862745	0.06960784313725492	0.05000000000000002	0.12843137254901962
228	0.015196078431372556	0.03480392156862746	0.06421568627450981	0.08382352941176467	0.03970588235294118	0.18676470588235292	0.0985294117647059	0.02500000000000001	0.27009803921568626	0.18186274509803918
229	0.020663265306122454	0.013010204081632656	0.007908163265306125	0.053826530612244884	0.01811224489795917	0.15076530612244896	0.12270408163265305	0.0895408163265306	0.20943877551020407	0.3140306122448979
230	0.0048672566371681485	0.0048672566371681485	0.018141592920353992	0.044690265486725674	0.018141592920353992	0.19070796460176992	0.05353982300884957	0.031415929203539805	0.33672566371681417	0.29690265486725664
231	0.026651982378854612	0.00022026431718060423	0.01563876651982379	0.18303964757709248	0.163215859030837	0.15440528634361234	0.00903083700440529	0.042070484581497786	0.24471365638766518	0.16101321585903083
232	0.033023255813953496	0.009767441860465124	0.02372093023255815	0.15395348837209302	0.056279069767441875	0.2795348837209302	0.0516279069767442	0.056279069767441875	0.2469767441860465	0.08883720930232557
233	0.07816901408450705	0.0007042253521126861	0.04295774647887324	0.02887323943661973	0.40915492957746474	0.06408450704225353	0.08521126760563381	0.06408450704225353	0.1415492957746479	0.08521126760563381
234	0.10757575757575757	0.04696969696969698	0.04696969696969695	0.04696969696969698	0.28939393939393937	0.10757575757575757	0.09242424242424242	0.07727272727272727	0.15303030303030302	0.031818181818181836
235	0.0037414965986394605	0.02755102040816327	0.02755102040816327	0.16360544217687073	0.16700680272108842	0.1772108843537415	0.04115646258503402	0.030952380952380957	0.18061224489795916	0.18061224489795916
236	0.019844357976653706	0.004280155642023353	0.09377431906614786	0.19494163424124517	0.04319066147859921	0.07821011673151751	0.1132295719844358	0.043190661478599235	0.1832684824902724	0.22607003891050587
237	0.0806818181818182	0.2852272727272727	0.057954545454545474	0.0806818181818182	0.012500000000000016	0.0806818181818182	0.12613636363636366	0.035227272727272746	0.10340909090909092	0.1375
238	0.059558823529411775	0.14779411764705883	0.044852941176470595	0.19191176470588237	0.1036764705882353	0.030147058823529423	0.08161764705882354	0.015441176470588246	0.18455882352941178	0.14044117647058824
239	0.24449760765550235	0.08660287081339714	0.03875598086124402	0.014832535885167471	0.2636363636363636	0.005263157894736849	0.014832535885167471	0.10574162679425839	0.014832535885167471	0.2110047846889952
240	0.028971962616822444	0.03831775700934581	0.07570093457943927	0.12242990654205609	0.12242990654205609	0.197196261682243	0.13177570093457946	0.12242990654205609	0.12242990654205609	0.03831775700934581
241	0.01666666666666667	0.00032679738562091967	0.11470588235294116	0.08856209150326798	0.04281045751633985	0.09836601307189544	0.12124183006535946	0.04607843137254902	0.0918300653594771	0.37941176470588234
242	0.0829113924050633	0.0006329113924050723	0.07658227848101266	0.0006329113924050723	0.019620253164556924	0.0829113924050633	0.09556962025316457	0.03860759493670887	0.17151898734177212	0.43101265822784807
243	0.008936170212765963	0.051489361702127666	0.030212765957446815	0.017446808510638304	0.03872340425531912	0.055744680851063835	0.13659574468085106	0.025957446808510646	0.13659574468085103	0.4982978723404255
244	0.03500000000000002	0.15166666666666664	0.03499999999999998	0.06833333333333332	0.15166666666666664	0.285	0.085	0.10166666666666667	0.03500000000000002	0.05166666666666668
245	0.21228070175438593	0.37017543859649116	0.08947368421052629	0.0017543859649123052	0.01929824561403508	0.07192982456140351	0.03684210526315791	0.05438596491228071	0.12456140350877193	0.01929824561403511
246	0.06458333333333335	0.16875	0.10624999999999998	0.0020833333333333255	0.16875	0.08541666666666664	0.04374999999999998	0.14791666666666667	0.06458333333333331	0.14791666666666667
247	0.04295774647887325	0.03591549295774649	0.021830985915492967	0.12042253521126761	0.08521126760563381	0.15563380281690142	0.13450704225352114	0.03591549295774649	0.08521126760563381	0.28239436619718306
248	0.005084745762711851	0.03898305084745763	0.0486682808716707	0.10435835351089587	0.1697336561743341	0.10435835351089587	0.01961259079903148	0.07530266343825665	0.18910411622276027	0.24479418886198545
249	0.007469879518072276	0.014698795180722878	0.0291566265060241	0.20987951807228913	0.1689156626506024	0.07734939759036145	0.05566265060240962	0.02192771084337348	0.32554216867469876	0.08939759036144578
250	0.004214559386973186	0.011877394636015332	0.03486590038314177	0.25708812260536396	0.015708812260536404	0.08467432950191571	0.08850574712643679	0.015708812260536404	0.2915708812260536	0.1957854406130268
251	0.02802768166089966	0.0453287197231834	0.04186851211072665	0.05224913494809689	0.37404844290657435	0.09377162629757783	0.07647058823529412	0.06262975778546713	0.1491349480968858	0.0764705882352941
252	0.03659793814432991	0.0005154639175257806	0.010824742268041245	0.09329896907216496	0.17061855670103093	0.15515463917525776	0.021134020618556713	0.06752577319587627	0.12422680412371133	0.3201030927835052
253	0.061904761904761914	0.02108843537414967	0.007482993197278921	0.04149659863945579	0.27959183673469384	0.23197278911564626	0.07551020408163266	0.06870748299319729	0.13673469387755102	0.07551020408163266
254	0.10203252032520325	0.05731707317073171	0.028861788617886186	0.012601626016260168	0.333739837398374	0.07357723577235772	0.05731707317073171	0.020731707317073175	0.10609756097560974	0.20772357723577234
255	0.08980891719745224	0.13439490445859872	0.032484076433121026	0.10254777070063695	0.14076433121019108	0.10254777070063695	0.06433121019108282	0.032484076433121026	0.22993630573248408	0.07070063694267517
256	0.026424870466321252	0.05233160621761659	0.03160621761658032	0.13523316062176166	0.12487046632124353	0.04715025906735748	0.04715025906735752	0.07823834196891193	0.16632124352331604	0.2906735751295336
257	0.07977272727272726	0.05704545454545453	0.05022727272727273	0.03659090909090908	0.13659090909090907	0.07295454545454545	0.04568181818181817	0.011590909090909079	0.1752272727272727	0.3343181818181818
258	0.07602739726027398	0.20616438356164385	0.0006849315068493248	0.014383561643835627	0.11712328767123288	0.1445205479452055	0.09657534246575343	0.1513698630136986	0.11027397260273973	0.08287671232876713
259	0.05935828877005348	0.027272727272727282	0.10213903743315508	0.08074866310160428	0.005882352941176478	0.1181818181818182	0.01657754010695188	0.10748663101604275	0.06470588235294118	0.41764705882352937
260	0.06826923076923078	0.010576923076923091	0.02019230769230769	0.010576923076923074	0.10673076923076924	0.010576923076923091	0.09711538461538463	0.27019230769230773	0.25096153846153846	0.1548076923076923
261	0.28181818181818186	0.017355371900826456	0.017355371900826456	0.025619834710743812	0.07520661157024794	0.24049586776859505	0.0834710743801653	0.14958677685950414	0.058677685950413234	0.05041322314049588
262	0.2090909090909091	0.2090909090909091	0.04025974025974025	0.0012987012987013171	0.18311688311688312	0.07922077922077922	0.053246753246753264	0.06623376623376626	0.027272727272727292	0.13116883116883118
263	0.2947058823529412	0.21823529411764706	0.018235294117647072	0.03588235294117648	0.18882352941176475	0.018235294117647072	0.03588235294117644	0.0535294117647059	0.08882352941176473	0.04764705882352943
264	0.06342857142857145	0.6977142857142858	0.017714285714285724	0.017714285714285724	0.006285714285714295	0.006285714285714295	0.05771428571428573	0.0805714285714286	0.006285714285714295	0.0462857142857143
265	0.501470588235294	0.0014705882352941382	0.030882352941176458	0.030882352941176458	0.08970588235294118	0.11911764705882352	0.016176470588235313	0.06029411764705883	0.016176470588235285	0.1338235294117647
266	0.08394648829431436	0.10066889632107023	0.0036789297658862924	0.027090301003344485	0.010367892976588633	0.194314381270903	0.05050167224080268	0.033779264214046825	0.07725752508361203	0.4183946488294314
267	0.024346076458752516	0.002213279678068399	0.044466800804828975	0.13299798792756537	0.004225352112676045	0.10684104627766598	0.014285714285714289	0.03641851106639838	0.32414486921529173	0.31006036217303823
268	0.032447817836812144	0.00398481973434534	0.032447817836812144	0.14629981024667932	0.017267552182163175	0.13870967741935483	0.04383301707779885	0.013472485768500938	0.33795066413662245	0.2335863377609108
269	0.0006578947368421146	0.05986842105263159	0.007236842105263167	0.07960526315789475	0.3822368421052631	0.10592105263157896	0.05986842105263159	0.007236842105263167	0.14539473684210527	0.15197368421052632
270	0.021718377088305492	0.016945107398568023	0.02410501193317421	0.1458233890214797	0.11241050119331741	0.05513126491646777	0.10047732696897374	0.00023866348448685993	0.3272076372315036	0.19594272076372313
271	0.028461538461538448	0.03102564102564101	0.041282051282051285	0.08230769230769229	0.20538461538461536	0.07461538461538463	0.04384615384615385	0.015641025641025645	0.23615384615384613	0.24128205128205127
272	0.08074866310160428	0.05401069518716578	0.005882352941176478	0.05935828877005348	0.09679144385026739	0.09144385026737968	0.1823529411764706	0.08609625668449199	0.12887700534759355	0.21443850267379677
273	0.00925110132158591	0.03568281938325992	0.0841409691629956	0.01806167400881058	0.15462555066079292	0.08854625550660794	0.2118942731277533	0.02687224669603525	0.13700440528634358	0.23392070484581495
274	0.032767624020887724	0.027545691906005216	0.07193211488250652	0.2847258485639687	0.06279373368146213	0.08890339425587467	0.11109660574412532	0.09412532637075717	0.12415143603133158	0.10195822454308093
275	0.039672131147540986	0.02327868852459017	0.059344262295081975	0.010163934426229513	0.0822950819672131	0.14131147540983605	0.04295081967213115	0.07245901639344263	0.06590163934426228	0.4626229508196721
276	0.08198198198198199	0.02792792792792794	0.06396396396396398	0.06396396396396398	0.10900900900900902	0.11801801801801803	0.07297297297297299	0.12702702702702703	0.15405405405405406	0.1810810810810811
277	0.011413043478260877	0.01684782608695653	0.054891304347826096	0.21249999999999997	0.027717391304347833	0.07119565217391305	0.054891304347826096	0.03858695652173914	0.14184782608695648	0.37010869565217386
278	0.0015873015873016094	0.1126984126984127	0.19206349206349205	0.08095238095238093	0.08095238095238096	0.0015873015873016094	0.06507936507936508	0.23968253968253966	0.017460317460317478	0.20793650793650792
279	0.05725806451612905	0.07338709677419356	0.0653225806451613	0.04112903225806453	0.04112903225806453	0.08951612903225807	0.13790322580645162	0.14596774193548387	0.04112903225806453	0.30725806451612897
280	0.12456140350877193	0.14210526315789473	0.001754385964912274	0.03684210526315791	0.03684210526315791	0.01929824561403511	0.001754385964912274	0.4403508771929824	0.08947368421052632	0.1070175438596491
281	0.2310810810810811	0.05540540540540542	0.01486486486486486	0.028378378378378397	0.29864864864864865	0.06891891891891894	0.1364864864864865	0.10945945945945948	0.0013513513513513705	0.05540540540540542
282	0.053846153846153835	0.617948717948718	0.002564102564102555	0.002564102564102555	0.028205128205128195	0.002564102564102555	0.18205128205128204	0.10512820512820512	0.002564102564102555	0.0025641025641026005
283	0.15434782608695652	0.4804347826086956	0.06739130434782607	0.045652173913043465	0.02391304347826086	0.1543478260869565	0.02391304347826086	0.0021739130434782527	0.045652173913043465	0.0021739130434782527
284	0.4402439024390244	0.05000000000000002	0.01341463414634146	0.01341463414634146	0.049999999999999996	0.0012195121951219469	0.02560975609756097	0.19634146341463415	0.11097560975609756	0.09878048780487807
285	0.013461538461538471	0.12243589743589745	0.01987179487179488	0.10320512820512821	0.12243589743589745	0.16730769230769232	0.08397435897435898	0.10320512820512821	0.1801282051282051	0.08397435897435898
286	0.01286919831223629	0.01919831223628691	0.059282700421940934	0.038185654008438805	0.04029535864978902	0.21329113924050633	0.033966244725738386	0.006540084388185657	0.3905063291139241	0.1858649789029536
287	0.03873626373626374	0.016758241758241744	0.01950549450549451	0.12115384615384614	0.3436813186813187	0.05247252747252746	0.06346153846153844	0.04148351648351647	0.10192307692307691	0.2008241758241758
288	0.16348314606741574	0.051123595505617986	0.011797752808988772	0.01741573033707866	0.12977528089887638	0.011797752808988772	0.1297752808988764	0.1578651685393258	0.21404494382022474	0.11292134831460675
289	0.06893203883495147	0.03009708737864079	0.04951456310679613	0.03009708737864079	0.24368932038834953	0.16601941747572818	0.0592233009708738	0.22427184466019418	0.08834951456310682	0.03980582524271846
290	0.02330827067669174	0.1736842105263158	0.030827067669172942	0.12105263157894738	0.21879699248120302	0.053383458646616554	0.12105263157894738	0.015789473684210537	0.1661654135338346	0.07593984962406015
291	0.02463414634146342	0.024634146341463402	0.017317073170731712	0.1270731707317073	0.03439024390243901	0.27341463414634143	0.04902439024390244	0.03926829268292683	0.15390243902439024	0.25634146341463415
292	0.00043103448275862686	0.026293103448275873	0.07370689655172415	0.12974137931034482	0.2806034482758621	0.08663793103448278	0.056465517241379326	0.03922413793103449	0.09956896551724137	0.20732758620689656
293	0.16395348837209303	0.012790697674418622	0.059302325581395365	0.036046511627906994	0.059302325581395365	0.036046511627906994	0.08255813953488374	0.2686046511627907	0.04767441860465118	0.23372093023255816
294	0.07922077922077922	0.15714285714285714	0.027272727272727264	0.06623376623376621	0.20909090909090908	0.001298701298701317	0.09220779220779221	0.05324675324675326	0.027272727272727285	0.287012987012987
295	0.25813953488372093	0.14186046511627903	0.04883720930232557	0.07209302325581397	0.04883720930232557	0.0953488372093023	0.04883720930232557	0.025581395348837237	0.23488372093023255	0.025581395348837237
296	0.002702702702702741	0.4621621621621622	0.0027027027027026933	0.08378378378378377	0.19189189189189187	0.0027027027027026933	0.0027027027027026933	0.02972972972972972	0.13783783783783782	0.08378378378378377
297	0.04999999999999998	0.5738095238095238	0.04999999999999998	0.07380952380952378	0.002380952380952372	0.002380952380952372	0.07380952380952378	0.02619047619047622	0.1452380952380952	0.002380952380952372
298	0.026996197718631185	0.03840304182509506	0.4224334600760456	0.24372623574144484	0.04980988593155894	0.12585551330798478	0.026996197718631185	0.019391634980988597	0.026996197718631185	0.019391634980988597
299	0.024999999999999988	0.11590909090909088	0.20681818181818182	0.29772727272727273	0.07045454545454544	0.0931818181818182	0.11590909090909088	0.024999999999999988	0.02500000000000003	0.02500000000000003
300	0.025581395348837237	0.327906976744186	0.0255813953488372	0.0255813953488372	0.0023255813953488285	0.1418604651162791	0.14186046511627903	0.2116279069767442	0.04883720930232557	0.04883720930232557
301	0.03962264150943395	0.4169811320754717	0.001886792452830182	0.001886792452830182	0.15283018867924528	0.03962264150943395	0.07735849056603773	0.11509433962264154	0.07735849056603776	0.07735849056603773
302	0.04638157894736843	0.20756578947368423	0.023355263157894747	0.026644736842105273	0.09243421052631579	0.1417763157894737	0.023355263157894747	0.003618421052631561	0.14835526315789474	0.28651315789473686
303	0.011554921540656198	0.03152639087018544	0.01726105563480741	0.07860199714693294	0.02724679029957203	0.1998573466476462	0.020114122681883017	0.010128388017118394	0.24265335235378035	0.361055634807418
304	0.018264248704663207	0.12836787564766838	0.02862694300518134	0.055829015544041447	0.22810880829015542	0.09080310880829015	0.08173575129533678	0.005310880829015536	0.2462435233160622	0.11670984455958548
305	0.024497991967871495	0.13293172690763055	0.016465863453815267	0.06465863453815263	0.26947791164658635	0.06064257028112451	0.008433734939759043	0.04859437751004014	0.05662650602409637	0.3176706827309237
306	0.01782608695652175	0.02652173913043479	0.11782608695652176	0.17869565217391303	0.15260869565217394	0.06130434782608694	0.013478260869565226	0.030869565217391315	0.1656521739130435	0.23521739130434782
307	0.06208530805687205	0.009952606635071097	0.07156398104265403	0.08104265402843602	0.23744075829383884	0.03838862559241707	0.019431279620853087	0.14265402843601893	0.11895734597156399	0.21848341232227486
308	0.11949152542372883	0.16186440677966102	0.017796610169491536	0.009322033898305097	0.1533898305084746	0.14491525423728815	0.09406779661016951	0.04322033898305086	0.1788135593220339	0.07711864406779662
309	0.20153846153846153	0.17076923076923076	0.00153846153846156	0.1092307692307692	0.13999999999999999	0.01692307692307694	0.12461538461538461	0.13999999999999999	0.0476923076923077	0.0476923076923077
310	0.06874999999999999	0.5062500000000001	0.25625000000000003	0.0062499999999999795	0.006250000000000007	0.0062499999999999795	0.0062499999999999795	0.06874999999999999	0.06874999999999999	0.006250000000000007
311	0.04527363184079603	0.005472636815920406	0.30895522388059704	0.39353233830845774	0.02537313432835822	0.05024875621890549	0.05522388059701494	0.01044776119402986	0.0701492537313433	0.03532338308457713
312	0.017274939172749394	0.022141119221411196	0.3603406326034063	0.1632603406326034	0.0708029197080292	0.0537712895377129	0.09756690997566911	0.041605839416058395	0.11946472019464718	0.0537712895377129
313	0.0378048780487805	0.013414634146341479	0.34268292682926826	0.0378048780487805	0.05000000000000001	0.13536585365853657	0.05000000000000001	0.05000000000000001	0.025609756097560988	0.25731707317073166
314	0.01999999999999999	0.4927272727272727	0.0018181818181818115	0.0018181818181818115	0.05636363636363635	0.09272727272727271	0.11090909090909092	0.020000000000000025	0.01999999999999999	0.18363636363636363
315	0.11562500000000002	0.5010416666666667	0.03229166666666666	0.053125	0.10520833333333335	0.04270833333333333	0.021875000000000016	0.05312500000000001	0.07395833333333335	0.0010416666666666814
316	0.07419354838709678	0.180184331797235	0.04654377880184332	0.0327188940092166	0.04654377880184332	0.21705069124423962	0.04193548387096775	0.01428571428571426	0.11105990783410136	0.2354838709677419
317	0.08128491620111732	0.21256983240223462	0.025418994413407826	0.047765363128491625	0.03379888268156423	0.08966480446927375	0.02821229050279328	0.08407821229050277	0.18463687150837987	0.21256983240223462
318	0.04844192634560907	0.19858356940509914	0.02577903682719547	0.15042492917847025	0.13342776203966003	0.03711048158640225	0.03994334277620395	0.03144475920679885	0.27507082152974505	0.05977337110481585
319	0.036546184738955836	0.02048192771084338	0.0566265060240964	0.04056224899598394	0.48232931726907635	0.11285140562248998	0.008433734939759043	0.09277108433734942	0.04056224899598394	0.10883534136546184
320	0.01111111111111112	0.05343915343915345	0.026984126984126996	0.05343915343915345	0.2492063492063492	0.10634920634920637	0.05343915343915345	0.28095238095238095	0.12222222222222225	0.04285714285714287
321	0.0029411764705882765	0.29705882352941176	0.03235294117647057	0.0029411764705882244	0.14999999999999997	0.061764705882352916	0.15000000000000002	0.03235294117647057	0.1794117647058823	0.09117647058823526
322	0.0033333333333333214	0.16999999999999998	0.0033333333333333214	0.06999999999999999	0.13666666666666666	0.37	0.10333333333333332	0.0033333333333333214	0.03666666666666665	0.10333333333333337
323	0.05675675675675674	0.27297297297297296	0.029729729729729714	0.0027027027027026924	0.05675675675675674	0.11081081081081083	0.11081081081081078	0.3	0.029729729729729714	0.029729729729729714
324	0.07721518987341774	0.40632911392405063	0.05189873417721521	0.08987341772151901	0.1278481012658228	0.026582278481012654	0.05189873417721518	0.07721518987341774	0.026582278481012675	0.06455696202531648
325	0.34419642857142857	0.1299107142857143	0.04062500000000001	0.12098214285714289	0.1299107142857143	0.11205357142857145	0.018303571428571436	0.018303571428571436	0.06294642857142858	0.02276785714285712
326	0.09630996309963097	0.06678966789667898	0.07785977859778598	0.06309963099630997	0.25498154981549814	0.16273062730627305	0.08154981549815499	0.026199261992619904	0.09999999999999998	0.07047970479704795
327	0.05200000000000001	0.26914285714285713	0.023428571428571437	0.034857142857142864	0.28628571428571425	0.023428571428571437	0.06914285714285714	0.07485714285714283	0.13771428571428573	0.02914285714285715
328	0.0020408163265306406	0.3285714285714285	0.02244897959183672	0.04285714285714284	0.5122448979591836	0.022448979591836758	0.0020408163265306406	0.06326530612244899	0.0020408163265306406	0.0020408163265306406
329	0.14166666666666672	0.22500000000000003	0.030555555555555544	0.16944444444444443	0.0861111111111111	0.0861111111111111	0.05833333333333332	0.0861111111111111	0.002777777777777768	0.11388888888888893
330	0.026582278481012675	0.11518987341772154	0.03924050632911392	0.001265822784810122	0.48227848101265824	0.06455696202531648	0.1278481012658228	0.05189873417721521	0.08987341772151901	0.0012658227848101446
331	0.0727777777777778	0.039444444444444456	0.09500000000000003	0.0727777777777778	0.395	0.04500000000000001	0.05055555555555557	0.10055555555555554	0.11166666666666669	0.017222222222222233
332	0.008808290155440405	0.00535405872193436	0.01917098445595855	0.14525043177892918	0.013989637305699472	0.1867012089810017	0.00535405872193436	0.0468048359240069	0.25405872193436957	0.31450777202072544
333	0.2487603305785124	0.009090909090909103	0.14132231404958678	0.009090909090909103	0.28181818181818186	0.1	0.05041322314049588	0.10826446280991736	0.05041322314049588	0.0008264462809917473
334	0.028378378378378397	0.19054054054054056	0.122972972972973	0.014864864864864885	0.19054054054054056	0.028378378378378397	0.17702702702702705	0.06891891891891894	0.09594594594594597	0.08243243243243245
335	0.017647058823529425	0.10168067226890758	0.10168067226890758	0.06806722689075631	0.14369747899159666	0.11008403361344539	0.09327731092436976	0.051260504201680684	0.26134453781512607	0.051260504201680684
336	0.025313283208020055	0.007769423558897229	0.025313283208020055	0.09548872180451126	0.12055137844611527	0.13308270676691727	0.025313283208020034	0.09799498746867166	0.3360902255639098	0.13308270676691727
337	0.055434782608695665	0.2728260869565218	0.011956521739130432	0.03369565217391306	0.16413043478260872	0.04456521739130436	0.10978260869565219	0.1315217391304348	0.1532608695652174	0.022826086956521753
338	0.18798076923076923	0.10625000000000001	0.024519230769230776	0.05817307692307693	0.25048076923076923	0.05817307692307693	0.048557692307692316	0.005288461538461546	0.10624999999999997	0.15432692307692308
339	0.008898305084745768	0.01313559322033899	0.02584745762711865	0.18686440677966099	0.08516949152542373	0.12330508474576268	0.059745762711864416	0.004661016949152549	0.30550847457627117	0.18686440677966099
340	0.03235294117647057	0.23823529411764705	0.03235294117647057	0.09117647058823526	0.2088235294117647	0.09117647058823526	0.09117647058823526	0.12058823529411766	0.061764705882352916	0.03235294117647057
341	0.06595744680851062	0.044680851063829775	0.0021276595744680773	0.06595744680851066	0.06595744680851066	0.002127659574468115	0.3638297872340425	0.15106382978723404	0.10851063829787232	0.1297872340425532
342	0.021107266435986167	0.021107266435986143	0.024567474048442915	0.02802768166089964	0.21141868512110729	0.21833910034602078	0.10069204152249135	0.041868512110726654	0.06262975778546712	0.270242214532872
343	0.03384146341463415	0.04908536585365854	0.03689024390243903	0.07347560975609757	0.286890243902439	0.17103658536585364	0.1344512195121951	0.027743902439024394	0.04908536585365852	0.13749999999999998
344	0.013225806451612908	0.010000000000000005	0.058387096774193556	0.019677419354838716	0.5229032258064515	0.05838709677419353	0.061612903225806454	0.003548387096774198	0.11	0.14225806451612902
345	0.02849162011173185	0.10670391061452515	0.08435754189944135	0.0787709497206704	0.32458100558659214	0.03966480446927375	0.011731843575419003	0.11787709497206705	0.017318435754189954	0.1905027932960894
346	0.005000000000000007	0.05954545454545456	0.0731818181818182	0.04136363636363637	0.3322727272727273	0.19136363636363637	0.032272727272727286	0.027727272727272736	0.16863636363636364	0.06863636363636362
347	0.0003717472118959161	0.015241635687732347	0.02639405204460967	0.10817843866171004	0.07100371747211896	0.14163568773234197	0.022676579925650562	0.09702602230483269	0.2605947955390334	0.25687732342007435
348	0.025471698113207528	0.019182389937106924	0.00974842767295598	0.1669811320754717	0.15125786163522012	0.12610062893081758	0.09779874213836479	0.04748427672955975	0.17955974842767294	0.17641509433962263
349	0.01500000000000001	0.03642857142857144	0.057857142857142864	0.04357142857142858	0.22928571428571423	0.07928571428571429	0.10071428571428573	0.06500000000000002	0.15071428571428572	0.22214285714285714
350	0.02573839662447258	0.0468354430379747	0.0468354430379747	0.025738396624472554	0.04261603375527427	0.004641350210970471	0.6670886075949367	0.0004219409282700482	0.09746835443037977	0.04261603375527427
351	0.06826923076923078	0.12596153846153849	0.0009615384615384581	0.30865384615384617	0.08750000000000001	0.12596153846153849	0.10673076923076924	0.02980769230769232	0.05865384615384617	0.08750000000000001
352	0.10342465753424658	0.04178082191780823	0.028082191780821927	0.04863013698630138	0.582876712328767	0.021232876712328777	0.014383561643835627	0.04863013698630138	0.06232876712328768	0.04863013698630138
353	0.10657894736842106	0.10657894736842106	0.027631578947368417	0.21184210526315791	0.27763157894736845	0.053947368421052654	0.09342105263157896	0.053947368421052654	0.04078947368421054	0.02763157894736844
354	0.10923076923076923	0.04769230769230768	0.09384615384615384	0.24769230769230766	0.032307692307692294	0.09384615384615384	0.0476923076923077	0.13999999999999999	0.06307692307692309	0.12461538461538461
355	0.20117647058823532	0.02470588235294117	0.11882352941176472	0.11882352941176472	0.04823529411764708	0.06000000000000002	0.04823529411764708	0.1423529411764706	0.1423529411764706	0.09529411764705883
356	0.05249999999999999	0.05249999999999999	0.002499999999999991	0.02749999999999999	0.2775	0.002499999999999991	0.1025	0.15250000000000002	0.002499999999999991	0.3275
357	0.09220779220779222	0.014285714285714304	0.04025974025974028	0.04025974025974028	0.2090909090909091	0.15714285714285717	0.17012987012987016	0.06623376623376626	0.13116883116883118	0.07922077922077923
358	0.015073529411764711	0.015073529411764711	0.007720588235294123	0.10330882352941177	0.4305147058823529	0.07022058823529412	0.09595588235294118	0.048161764705882355	0.11066176470588233	0.10330882352941177
359	0.02017738359201774	0.0068736141906873644	0.0467849223946785	0.5146341463414634	0.009090909090909078	0.0933481152993348	0.06452328159645232	0.0024390243902439055	0.182039911308204	0.060088691796008856
360	0.008641975308641981	0.004526748971193421	0.0004115226337448618	0.38312757201646086	0.02098765432098766	0.058024691358024696	0.07037037037037037	0.07448559670781893	0.20205761316872425	0.1773662551440329
361	0.07916666666666668	0.0004629629629629696	0.01898148148148149	0.27824074074074073	0.30138888888888893	0.0050925925925926	0.04675925925925927	0.04675925925925927	0.16250000000000003	0.06064814814814816
362	0.00030120481927709133	0.02740963855421687	0.02740963855421685	0.3828313253012048	0.23825301204819274	0.03343373493975902	0.024397590361445766	0.04849397590361446	0.1930722891566265	0.024397590361445766
363	0.008959537572254319	0.006069364161849715	0.04364161849710983	0.3182080924855491	0.0754335260115607	0.046531791907514435	0.04364161849710981	0.017630057803468192	0.2835260115606936	0.15635838150289016
364	0.01472727272727273	0.005636363636363639	0.023818181818181808	0.6365454545454546	0.02199999999999999	0.06563636363636363	0.02199999999999999	0.0019999999999999896	0.1547272727272727	0.0529090909090909
365	0.10360824742268042	0.010824742268041244	0.0829896907216495	0.1706185567010309	0.10360824742268042	0.14484536082474228	0.03144329896907217	0.04690721649484537	0.26340206185567006	0.04175257731958763
366	0.21764705882352942	0.04117647058823528	0.06078431372549018	0.001960784313725483	0.04117647058823528	0.08039215686274512	0.27647058823529413	0.08039215686274512	0.13921568627450978	0.06078431372549018
367	0.08076923076923076	0.11923076923076922	0.11923076923076922	0.0038461538461538325	0.0038461538461538325	0.08076923076923076	0.11923076923076928	0.27307692307692305	0.11923076923076922	0.08076923076923076
368	0.244	0.08399999999999999	0.043999999999999984	0.08399999999999999	0.003999999999999986	0.12399999999999999	0.08399999999999999	0.204	0.08399999999999999	0.043999999999999984
369	0.07530864197530866	0.05061728395061728	0.03827160493827162	0.1123456790123457	0.22345679012345682	0.1123456790123457	0.06296296296296298	0.0506172839506173	0.07530864197530866	0.19876543209876546
370	0.00113052415210688	0.0062692702980472696	0.03915724563206577	0.5283658787255909	0.010380267214799581	0.06485097636176772	0.009352517985611503	0.017574511819116127	0.2714285714285714	0.05149023638232273
371	0.019708029197080295	0.014841849148418478	0.0026763990267639937	0.5111922141119222	0.009975669099756694	0.09026763990267639	0.06836982968369829	0.019708029197080278	0.1802919708029197	0.08296836982968368
372	0.007894736842105244	0.0003759398496240656	0.03421052631578948	0.18082706766917295	0.17330827067669174	0.07932330827067671	0.011654135338345872	0.10563909774436091	0.34624060150375946	0.060526315789473706
373	0.06500000000000002	0.02214285714285715	0.057857142857142864	0.007857142857142868	0.4721428571428571	0.18642857142857144	0.0007142857142857118	0.08642857142857144	0.043571428571428567	0.057857142857142864
374	0.025619834710743812	0.058677685950413234	0.04214876033057852	0.09173553719008265	0.29834710743801646	0.0669421487603306	0.11652892561983472	0.240495867768595	0.017355371900826456	0.04214876033057852
375	0.05725806451612905	0.0008064516129032373	0.033064516129032266	0.22661290322580646	0.2346774193548387	0.008870967741935496	0.025000000000000012	0.15403225806451615	0.033064516129032266	0.22661290322580646
376	0.03765432098765433	0.03148148148148149	0.08703703703703705	0.11790123456790125	0.35864197530864195	0.0006172839506172927	0.11172839506172841	0.07469135802469137	0.03148148148148149	0.14876543209876544
377	0.09726027397260276	0.015068493150684951	0.056164383561643855	0.06986301369863016	0.3027397260273973	0.06986301369863016	0.06986301369863016	0.17945205479452056	0.056164383561643855	0.08356164383561646
378	0.31206896551724134	0.05344827586206895	0.17413793103448275	0.01896551724137933	0.036206896551724155	0.0017241379310344762	0.0706896551724138	0.08793103448275863	0.08793103448275863	0.15689655172413788
379	0.10250000000000002	0.12749999999999997	0.10249999999999997	0.052499999999999984	0.027499999999999986	0.07750000000000003	0.32749999999999996	0.02750000000000003	0.07750000000000003	0.07750000000000003
380	0.08723404255319149	0.1085106382978723	0.06595744680851065	0.06595744680851061	0.02340425531914892	0.12978723404255318	0.15106382978723404	0.32127659574468076	0.02340425531914892	0.02340425531914892
381	0.1275	0.07749999999999997	0.10249999999999997	0.052499999999999984	0.052500000000000026	0.052499999999999984	0.052500000000000026	0.3525	0.10250000000000002	0.027499999999999986
382	0.46346153846153837	0.059615384615384626	0.040384615384615366	0.17499999999999993	0.11730769230769231	0.02115384615384614	0.07884615384615386	0.0019230769230769499	0.040384615384615366	0.0019230769230769499
383	0.0039399624765478454	0.0039399624765478316	0.12401500938086303	0.4636022514071295	0.020825515947467156	0.03395872420262663	0.01894934333958723	0.013320825515947456	0.2515947467166979	0.06585365853658535
384	0.010659898477157368	0.025888324873096457	0.08680203045685281	0.025888324873096457	0.5944162436548224	0.025888324873096457	0.05126903553299494	0.08172588832487308	0.025888324873096457	0.07157360406091372
385	0.052136752136752146	0.009401709401709413	0.0008547008547008668	0.0606837606837607	0.29999999999999993	0.0435897435897436	0.06923076923076925	0.37692307692307686	0.052136752136752146	0.03504273504273506
386	0.13305785123966943	0.009090909090909089	0.025619834710743812	0.03388429752066117	0.43057851239669415	0.0834710743801653	0.025619834710743812	0.24876033057851235	0.0008264462809917473	0.009090909090909103
387	0.07750000000000003	0.10249999999999997	0.0024999999999999905	0.17749999999999996	0.3525	0.12749999999999997	0.07749999999999997	0.02750000000000003	0.0024999999999999905	0.052499999999999984
388	0.024999999999999988	0.07045454545454544	0.11590909090909088	0.024999999999999988	0.25227272727272726	0.11590909090909088	0.02500000000000003	0.18409090909090908	0.024999999999999988	0.16136363636363632
389	0.11052631578947367	0.05789473684210524	0.005263157894736824	0.32105263157894737	0.005263157894736824	0.005263157894736824	0.32105263157894737	0.05789473684210524	0.05789473684210524	0.05789473684210524
390	0.09444444444444444	0.09444444444444444	0.0388888888888889	0.09444444444444444	0.15	0.020370370370370393	0.27962962962962956	0.20555555555555552	0.0018518518518518777	0.020370370370370393
391	0.18499999999999997	0.25166666666666665	0.0016666666666666603	0.05166666666666668	0.085	0.03499999999999998	0.03500000000000002	0.285	0.06833333333333332	0.0016666666666666603
392	0.043999999999999984	0.204	0.003999999999999986	0.043999999999999984	0.08399999999999999	0.284	0.08399999999999999	0.08399999999999999	0.003999999999999986	0.16399999999999998
393	0.10689655172413795	0.14137931034482754	0.0034482758620689525	0.0034482758620689525	0.0034482758620689525	0.0379310344827586	0.0379310344827586	0.5896551724137931	0.0379310344827586	0.0379310344827586
394	0.2911111111111111	0.09111111111111113	0.11333333333333334	0.06888888888888887	0.11333333333333331	0.002222222222222214	0.20222222222222222	0.09111111111111109	0.002222222222222214	0.024444444444444432
395	0.02894736842105266	0.02894736842105261	0.10789473684210527	0.02894736842105261	0.02894736842105261	0.3184210526315789	0.0026315789473684574	0.3184210526315789	0.05526315789473681	0.08157894736842106
396	0.07857142857142857	0.15000000000000002	0.07857142857142857	0.007142857142857119	0.007142857142857119	0.007142857142857119	0.15000000000000002	0.4357142857142858	0.0785714285714286	0.007142857142857151
397	0.3717391304347825	0.023913043478260853	0.08913043478260867	0.1108695652173913	0.0673913043478261	0.11086956521739126	0.0891304347826087	0.023913043478260853	0.023913043478260853	0.08913043478260867
398	0.1722222222222222	0.005555555555555536	0.005555555555555536	0.06111111111111109	0.5055555555555555	0.005555555555555536	0.06111111111111109	0.06111111111111109	0.06111111111111109	0.06111111111111109
399	0.052786885245901645	0.01672131147540984	0.04295081967213115	0.06918032786885243	0.2560655737704918	0.09213114754098359	0.13147540983606557	0.32163934426229507	0.006885245901639349	0.010163934426229513
400	0.0606837606837607	0.06923076923076925	0.0435897435897436	0.0435897435897436	0.3256410256410256	0.02649572649572651	0.06923076923076925	0.2829059829059829	0.06923076923076925	0.009401709401709413
401	0.05849056603773586	0.0773584905660377	0.09622641509433963	0.039622641509433947	0.17169811320754716	0.19056603773584904	0.09622641509433963	0.2283018867924528	0.0018867924528301815	0.039622641509433947
402	0.04468085106382977	0.15106382978723404	0.08723404255319149	0.15106382978723404	0.06595744680851065	0.15106382978723404	0.12978723404255318	0.08723404255319149	0.0446808510638298	0.08723404255319145
403	0.028205128205128237	0.0025641025641026	0.05384615384615383	0.02820512820512819	0.18205128205128204	0.0025641025641025546	0.028205128205128237	0.38717948717948714	0.0025641025641025546	0.2846153846153846
404	0.09622641509433963	0.1339622641509434	0.0018867924528301815	0.0018867924528301815	0.20943396226415092	0.0773584905660377	0.17169811320754716	0.2849056603773584	0.0018867924528301815	0.020754716981132095
405	0.09999999999999998	0.1476190476190476	0.05238095238095236	0.1952380952380952	0.05238095238095236	0.004761904761904745	0.05238095238095236	0.1952380952380952	0.004761904761904745	0.1952380952380952
406	0.3394366197183099	0.12816901408450707	0.05774647887323943	0.02957746478873239	0.10000000000000002	0.17042253521126763	0.0859154929577465	0.043661971830985934	0.015492957746478868	0.02957746478873239
407	0.3274999999999999	0.4274999999999999	0.1025	0.027499999999999983	0.00249999999999999	0.027499999999999983	0.07750000000000001	0.0025000000000000347	0.00249999999999999	0.00249999999999999
408	0.2951219512195122	0.09999999999999998	0.09999999999999998	0.124390243902439	0.051219512195121976	0.0024390243902438933	0.1975609756097561	0.051219512195121976	0.07560975609756096	0.0024390243902438933
409	0.10333333333333337	0.23666666666666672	0.16999999999999998	0.23666666666666666	0.03666666666666665	0.06999999999999999	0.03666666666666665	0.03666666666666665	0.03666666666666665	0.03666666666666665
410	0.11590909090909092	0.32045454545454544	0.16136363636363632	0.09318181818181816	0.024999999999999988	0.024999999999999988	0.11590909090909088	0.0022727272727273047	0.09318181818181816	0.04772727272727271
411	0.08399999999999999	0.003999999999999986	0.12399999999999999	0.043999999999999984	0.043999999999999984	0.003999999999999986	0.12399999999999999	0.44400000000000006	0.003999999999999986	0.12399999999999999
412	0.0031250000000000435	0.09687500000000002	0.09687499999999996	0.12812499999999996	0.06562499999999998	0.003124999999999988	0.03437499999999998	0.37812499999999993	0.09687500000000002	0.09687500000000002
413	0.17083333333333334	0.17083333333333334	0.0458333333333333	0.12916666666666662	0.08749999999999995	0.004166666666666651	0.0458333333333333	0.25416666666666665	0.0458333333333333	0.0458333333333333
414	0.15937500000000002	0.003124999999999988	0.06562499999999998	0.06562499999999998	0.221875	0.003124999999999988	0.15937499999999996	0.253125	0.03437499999999998	0.03437499999999998
415	0.13499999999999998	0.25166666666666665	0.085	0.06833333333333334	0.1683333333333333	0.03499999999999998	0.11833333333333333	0.05166666666666668	0.018333333333333323	0.06833333333333334
416	0.1353658536585366	0.03780487804878051	0.0012195121951219686	0.12317073170731709	0.07439024390243903	0.14756097560975612	0.0012195121951219686	0.3182926829268293	0.07439024390243903	0.08658536585365856
417	0.1338235294117647	0.04558823529411766	0.11911764705882352	0.030882352941176486	0.08970588235294118	0.07500000000000001	0.08970588235294118	0.1338235294117647	0.14852941176470588	0.1338235294117647
418	0.028947368421052663	0.16052631578947366	0.028947368421052617	0.08157894736842103	0.37105263157894736	0.028947368421052663	0.05526315789473682	0.2131578947368421	0.028947368421052617	0.002631578947368411
419	0.03230769230769232	0.09384615384615384	0.0015384615384615326	0.03230769230769232	0.35538461538461535	0.0015384615384615326	0.10923076923076923	0.2784615384615384	0.06307692307692306	0.03230769230769232
420	0.17608695652173914	0.06739130434782607	0.1326086956521739	0.06739130434782607	0.15434782608695652	0.045652173913043465	0.08913043478260871	0.17608695652173914	0.08913043478260868	0.0021739130434782913
421	0.002631578947368411	0.2657894736842105	0.05526315789473682	0.08157894736842107	0.028947368421052617	0.028947368421052617	0.2921052631578947	0.028947368421052663	0.002631578947368411	0.2131578947368421
422	0.15000000000000005	0.2676470588235294	0.17941176470588235	0.061764705882352985	0.09117647058823529	0.03235294117647058	0.09117647058823529	0.09117647058823529	0.002941176470588225	0.03235294117647058
423	0.18499999999999997	0.13499999999999998	0.05166666666666668	0.10166666666666667	0.03499999999999998	0.05166666666666668	0.11833333333333333	0.285	0.0016666666666666603	0.03500000000000002
424	0.20769230769230773	0.13076923076923075	0.13076923076923075	0.18205128205128204	0.028205128205128195	0.002564102564102555	0.10512820512820517	0.1307692307692308	0.053846153846153835	0.028205128205128195
425	0.32045454545454544	0.13863636363636364	0.11590909090909088	0.2522727272727272	0.024999999999999988	0.024999999999999988	0.04772727272727275	0.0022727272727272644	0.0022727272727272644	0.07045454545454544
426	0.09130434782608694	0.48260869565217396	0.09130434782608694	0.09130434782608694	0.004347826086956506	0.09130434782608694	0.04782608695652173	0.004347826086956506	0.09130434782608694	0.004347826086956506
427	0.19315068493150686	0.22054794520547946	0.056164383561643855	0.056164383561643855	0.20684931506849316	0.0013698630136986497	0.028767123287671253	0.028767123287671253	0.16575342465753426	0.042465753424657526
428	0.08076923076923083	0.11923076923076922	0.19615384615384615	0.08076923076923076	0.08076923076923076	0.0038461538461538325	0.19615384615384615	0.1576923076923077	0.0038461538461538325	0.08076923076923076
429	0.02500000000000003	0.18409090909090908	0.04772727272727271	0.16136363636363632	0.09318181818181816	0.024999999999999988	0.0931818181818182	0.29772727272727273	0.04772727272727271	0.024999999999999988
430	0.07380952380952382	0.3595238095238095	0.04999999999999998	0.04999999999999998	0.02619047619047622	0.07380952380952378	0.09761904761904759	0.19285714285714287	0.02619047619047622	0.04999999999999998
431	0.035483870967741915	0.06774193548387095	0.22903225806451613	0.003225806451612891	0.09999999999999996	0.003225806451612891	0.29354838709677417	0.16451612903225807	0.003225806451612891	0.09999999999999996
432	0.07333333333333335	0.006666666666666675	0.1278787878787879	0.0793939393939394	0.12181818181818183	0.006666666666666675	0.04303030303030304	0.43090909090909085	0.09151515151515152	0.018787878787878798
433	0.12089552238805973	0.21044776119402986	0.03134328358208957	0.18059701492537317	0.21044776119402986	0.04626865671641793	0.1656716417910448	0.016417910447761214	0.016417910447761214	0.0014925373134328304
434	0.04375000000000002	0.1895833333333333	0.0020833333333333255	0.08541666666666667	0.0020833333333333255	0.02291666666666669	0.06458333333333334	0.5020833333333332	0.08541666666666664	0.0020833333333333255
435	0.043749999999999976	0.10625	0.043749999999999976	0.23124999999999996	0.12708333333333333	0.0020833333333333255	0.0020833333333333624	0.3979166666666666	0.0020833333333333624	0.043749999999999976
436	0.13666666666666666	0.10333333333333332	0.16999999999999998	0.06999999999999999	0.23666666666666666	0.06999999999999999	0.06999999999999999	0.036666666666666715	0.03666666666666665	0.06999999999999999
437	0.16999999999999998	0.06999999999999999	0.0033333333333333214	0.10333333333333332	0.03666666666666665	0.17000000000000004	0.10333333333333332	0.07000000000000005	0.13666666666666666	0.13666666666666666
438	0.11052631578947368	0.057894736842105256	0.005263157894736825	0.057894736842105256	0.057894736842105256	0.11052631578947368	0.268421052631579	0.11052631578947368	0.057894736842105256	0.1631578947368421
439	0.32199999999999995	0.142	0.02199999999999999	0.0019999999999999922	0.042000000000000016	0.22199999999999998	0.16199999999999998	0.022000000000000023	0.0019999999999999922	0.06199999999999998
440	0.16530612244897958	0.1857142857142857	0.04285714285714287	0.06326530612244895	0.002040816326530604	0.0836734693877551	0.26734693877551013	0.04285714285714287	0.1244897959183673	0.02244897959183672
441	0.1138888888888889	0.225	0.1694444444444444	0.08611111111111108	0.11388888888888886	0.0027777777777777675	0.225	0.03055555555555559	0.03055555555555554	0.0027777777777777675
442	0.15106382978723404	0.21489361702127657	0.12978723404255316	0.02340425531914896	0.15106382978723404	0.02340425531914892	0.08723404255319149	0.02340425531914896	0.02340425531914896	0.17234042553191486
443	0.14637681159420293	0.1028985507246377	0.07391304347826086	0.26231884057971017	0.18985507246376815	0.015942028985507267	0.07391304347826089	0.0884057971014493	0.015942028985507267	0.030434782608695674
444	0.07192982456140351	0.01929824561403508	0.03684210526315791	0.17719298245614032	0.0017543859649123052	0.01929824561403508	0.31754385964912274	0.03684210526315791	0.07192982456140351	0.24736842105263154
445	0.1378378378378378	0.029729729729729763	0.05675675675675674	0.0027027027027026924	0.4621621621621621	0.05675675675675674	0.05675675675675674	0.13783783783783785	0.0027027027027027406	0.05675675675675674
446	0.07045454545454544	0.0022727272727272644	0.0022727272727272644	0.25227272727272726	0.07045454545454544	0.0022727272727272644	0.13863636363636364	0.07045454545454548	0.0022727272727273047	0.3886363636363636
447	0.03962264150943398	0.3226415094339622	0.020754716981132095	0.13396226415094337	0.13396226415094337	0.020754716981132095	0.19056603773584904	0.07735849056603775	0.020754716981132095	0.039622641509433947
448	0.2898305084745762	0.035593220338983066	0.3745762711864406	0.0016949152542372818	0.01864406779661016	0.0016949152542373117	0.052542372881355943	0.1711864406779661	0.03559322033898304	0.01864406779661016
449	0.5176136363636364	0.16534090909090912	0.02897727272727274	0.023295454545454557	0.05738636363636365	0.02897727272727274	0.017613636363636373	0.1085227272727273	0.04034090909090911	0.011931818181818191
450	0.22653061224489793	0.30816326530612237	0.06326530612244895	0.04285714285714284	0.04285714285714284	0.12448979591836734	0.022448979591836758	0.14489795918367346	0.02244897959183672	0.002040816326530604
451	0.18484848484848485	0.033333333333333326	0.18484848484848485	0.06363636363636363	0.12424242424242424	0.09393939393939393	0.033333333333333326	0.09393939393939399	0.09393939393939393	0.09393939393939393
452	0.07045454545454549	0.25227272727272726	0.09318181818181817	0.18409090909090908	0.02499999999999999	0.09318181818181821	0.07045454545454545	0.11590909090909095	0.02499999999999999	0.07045454545454549
453	0.23461538461538461	0.08076923076923076	0.042307692307692296	0.0038461538461538325	0.042307692307692296	0.042307692307692296	0.1576923076923077	0.31153846153846154	0.042307692307692296	0.042307692307692296
454	0.2277777777777778	0.005555555555555537	0.0611111111111111	0.005555555555555537	0.5055555555555556	0.0611111111111111	0.005555555555555537	0.005555555555555537	0.005555555555555537	0.11666666666666667
455	0.6871428571428572	0.058571428571428594	0.01571428571428571	0.029999999999999995	0.07285714285714286	0.058571428571428566	0.058571428571428594	0.015714285714285736	0.0014285714285714236	0.0014285714285714236
456	0.13981481481481484	0.34351851851851856	0.056481481481481494	0.06574074074074075	0.03796296296296296	0.0009259259259259391	0.23240740740740742	0.047222222222222235	0.0009259259259259391	0.07500000000000001
457	0.053246753246753264	0.5077922077922078	0.014285714285714282	0.014285714285714304	0.027272727272727268	0.06623376623376626	0.04025974025974028	0.17012987012987016	0.04025974025974025	0.06623376623376623
458	0.36376811594202896	0.08840579710144927	0.05942028985507247	0.015942028985507263	0.05942028985507247	0.015942028985507263	0.04492753623188407	0.1753623188405797	0.001449275362318861	0.1753623188405797
459	0.03203125000000001	0.03203125000000001	0.07109375000000001	0.26640625	0.23515625	0.04765625000000001	0.02421875000000001	0.14140625	0.09453125000000001	0.05546875000000001
460	0.17692307692307693	0.023076923076923092	0.08901098901098903	0.05604395604395606	0.12197802197802199	0.023076923076923092	0.04505494505494507	0.26483516483516484	0.04505494505494507	0.15494505494505495
461	0.1685185185185185	0.0018518518518518777	0.03888888888888887	0.03888888888888887	0.09444444444444444	0.0388888888888889	0.2981481481481481	0.22407407407407404	0.020370370370370358	0.07592592592592594
462	0.07321428571428572	0.14464285714285713	0.001785714285714279	0.09107142857142854	0.2875	0.09107142857142857	0.001785714285714279	0.14464285714285713	0.05535714285714287	0.10892857142857143
463	0.09318181818181819	0.2295454545454545	0.025000000000000026	0.2522727272727272	0.11590909090909086	0.002272727272727264	0.04772727272727274	0.16136363636363635	0.0477272727272727	0.024999999999999984
464	0.08425925925925927	0.06574074074074075	0.2601851851851852	0.01944444444444446	0.09351851851851853	0.037962962962962976	0.08425925925925927	0.27870370370370373	0.0009259259259259391	0.07500000000000001
465	0.0014084507042253721	0.12816901408450707	0.3394366197183099	0.043661971830985934	0.05774647887323943	0.029577464788732414	0.1422535211267606	0.029577464788732414	0.1563380281690141	0.07183098591549297
466	0.10657894736842106	0.10657894736842106	0.11973684210526318	0.1855263157894737	0.02763157894736844	0.04078947368421054	0.14605263157894738	0.14605263157894738	0.10657894736842106	0.01447368421052631
